NOMENCLATURA,TITULO,TIPO,FORMATO,URL
LP-SM-31-2024-ELSE-1,Bases Administrativas,biddingDocuments,docx,https://prod1.seace.gob.pe/SeaceWeb-PRO/SdescargarArchivoAlfresco?fileCode=9ecbd268-55e4-4931-9402-2e58bc4bf5de
LP-SM-31-2024-ELSE-1,Resumen ejecutivo,biddingDocuments,pdf,https://prod1.seace.gob.pe/SeaceWeb-PRO/SdescargarArchivoAlfresco?fileCode=0661c513-e8c0-4116-b7f4-b82584b992ef
LP-SM-31-2024-ELSE-1,Pliego de absolución de consultas y observaciones,clarifications,pdf,https://prod1.seace.gob.pe/SeaceWeb-PRO/SdescargarArchivoAlfresco?fileCode=a11d672e-0f35-4cd6-ad62-10e16fb34813
LP-SM-31-2024-ELSE-1,Bases Integradas,biddingDocuments,docx,https://prod1.seace.gob.pe/SeaceWeb-PRO/SdescargarArchivoAlfresco?fileCode=7b0bcd82-45bd-4cd2-962f-28d85dd9bc89
LP-SM-31-2024-ELSE-1,Documentos de Presentación de Propuestas,biddingDocuments,zip,https://prod1.seace.gob.pe/SeaceWeb-PRO/SdescargarArchivoAlfresco?fileCode=5ab6ef2b-c901-4690-850d-331fb9ab68ff
LP-SM-31-2024-ELSE-1,Documentos de Calificación y Evaluación,evaluationReports,zip,https://prod1.seace.gob.pe/SeaceWeb-PRO/SdescargarArchivoAlfresco?fileCode=fefafb13-7593-418d-8af7-b074a899ebb2
LP-SM-31-2024-ELSE-1,Documentos de Otorgamiento de Buena Pro,awardNotice,zip,https://prod1.seace.gob.pe/SeaceWeb-PRO/SdescargarArchivoAlfresco?fileCode=f2dc40ff-0503-4794-80fc-d8e066397c58
LP-SM-31-2024-ELSE-1,Archivos del contrato,contractSigned,,https://prod4.seace.gob.pe:9000/api/con/documentos/descargar/152822426
LP-SM-31-2024-ELSE-1,Archivos del contrato,contractSigned,,https://prod4.seace.gob.pe:9000/api/con/documentos/descargar/152822427
LP-SM-31-2024-ELSE-1,Archivos de la garantía del contrato,contractAnnexe,,https://prod4.seace.gob.pe:9000/api/con/documentos/descargar/152822429
CP-SM-15-2024-ELSE-1,Bases Administrativas,biddingDocuments,docx,https://prod1.seace.gob.pe/SeaceWeb-PRO/SdescargarArchivoAlfresco?fileCode=f0473621-adbb-43d4-bf78-c4f0b8916a57
CP-SM-15-2024-ELSE-1,Resumen ejecutivo,biddingDocuments,pdf,https://prod1.seace.gob.pe/SeaceWeb-PRO/SdescargarArchivoAlfresco?fileCode=796ed2ce-6e6c-493f-b9bc-76aacc756d4e
CP-SM-15-2024-ELSE-1,Acta de no formulación de consultas y observaciones,clarifications,pdf,https://prod1.seace.gob.pe/SeaceWeb-PRO/SdescargarArchivoAlfresco?fileCode=4accca88-d4f9-4cdd-bdc0-3cb83c983a88
CP-SM-15-2024-ELSE-1,Bases Integradas,biddingDocuments,docx,https://prod1.seace.gob.pe/SeaceWeb-PRO/SdescargarArchivoAlfresco?fileCode=8adace7d-d52d-47a9-bf7e-132e3d9f68ab
CP-SM-15-2024-ELSE-1,Documentos de Presentación de Propuestas,biddingDocuments,zip,https://prod1.seace.gob.pe/SeaceWeb-PRO/SdescargarArchivoAlfresco?fileCode=8b047eab-3e1e-428e-a3c5-5074200b32a0
CP-SM-15-2024-ELSE-1,Documentos de Calificación y Evaluación,evaluationReports,zip,https://prod1.seace.gob.pe/SeaceWeb-PRO/SdescargarArchivoAlfresco?fileCode=878e9833-e477-438b-89cd-8235a872d61d
CP-SM-15-2024-ELSE-1,Documentos de Otorgamiento de Buena Pro,awardNotice,zip,https://prod1.seace.gob.pe/SeaceWeb-PRO/SdescargarArchivoAlfresco?fileCode=c2e27352-fcc3-4d42-95cd-bf1b7bc92f20
CP-SM-15-2024-ELSE-1,Archivos del contrato,contractSigned,,https://prod4.seace.gob.pe:9000/api/con/documentos/descargar/152821406
CP-SM-19-2024-ELSE-1,Bases Administrativas,biddingDocuments,docx,https://prod1.seace.gob.pe/SeaceWeb-PRO/SdescargarArchivoAlfresco?fileCode=0757b1d0-44de-4602-aa68-78de182cc0ee
CP-SM-19-2024-ELSE-1,Resumen ejecutivo,biddingDocuments,pdf,https://prod1.seace.gob.pe/SeaceWeb-PRO/SdescargarArchivoAlfresco?fileCode=e38aaac6-01ea-4b0a-88ea-b31b5c033957
CP-SM-19-2024-ELSE-1,Pliego de absolución de consultas y observaciones,clarifications,pdf,https://prod1.seace.gob.pe/SeaceWeb-PRO/SdescargarArchivoAlfresco?fileCode=d3473538-9ad2-4f1c-b2c7-33ac17615df9
CP-SM-19-2024-ELSE-1,Bases Integradas,biddingDocuments,docx,https://prod1.seace.gob.pe/SeaceWeb-PRO/SdescargarArchivoAlfresco?fileCode=dd93a57a-d66e-45f3-b0f7-d02a3ea2df91
CP-SM-19-2024-ELSE-1,Documentos de Presentación de Propuestas,biddingDocuments,zip,https://prod1.seace.gob.pe/SeaceWeb-PRO/SdescargarArchivoAlfresco?fileCode=ffb786ea-36d6-4266-98bc-8033946a58df
CP-SM-19-2024-ELSE-1,Documentos de Calificación y Evaluación,evaluationReports,zip,https://prod1.seace.gob.pe/SeaceWeb-PRO/SdescargarArchivoAlfresco?fileCode=37521708-f25a-4681-a830-d20e4a1e9d71
CP-SM-19-2024-ELSE-1,Documentos de Otorgamiento de Buena Pro,awardNotice,zip,https://prod1.seace.gob.pe/SeaceWeb-PRO/SdescargarArchivoAlfresco?fileCode=5150ab6a-86fa-4021-ac39-306979ce4480
CP-SM-19-2024-ELSE-1,Archivos del contrato,contractSigned,,https://prod4.seace.gob.pe:9000/api/con/documentos/descargar/152819524
CP-SM-71-2024-ELSE-1,Bases Administrativas,biddingDocuments,docx,https://prod1.seace.gob.pe/SeaceWeb-PRO/SdescargarArchivoAlfresco?fileCode=8a9c2eb8-8a77-4c4f-9cb0-5ae73257978f
CP-SM-71-2024-ELSE-1,Resumen ejecutivo,biddingDocuments,pdf,https://prod1.seace.gob.pe/SeaceWeb-PRO/SdescargarArchivoAlfresco?fileCode=b4e25803-87c1-4b7f-9a49-2f42e17c6510
CP-SM-71-2024-ELSE-1,Pliego de absolución de consultas y observaciones,clarifications,pdf,https://prod1.seace.gob.pe/SeaceWeb-PRO/SdescargarArchivoAlfresco?fileCode=11b1e3af-986a-4527-9e4e-d3e4805da4df
CP-SM-71-2024-ELSE-1,Bases Integradas,biddingDocuments,docx,https://prod1.seace.gob.pe/SeaceWeb-PRO/SdescargarArchivoAlfresco?fileCode=ff3e1eca-147b-425e-89c6-0065da0cee09
CP-SM-71-2024-ELSE-1,Documentos de Presentación de Propuestas,biddingDocuments,zip,https://prod1.seace.gob.pe/SeaceWeb-PRO/SdescargarArchivoAlfresco?fileCode=e5254ed2-a5aa-470f-b807-6398fdcc3878
CP-SM-71-2024-ELSE-1,Documentos de Calificación y Evaluación,evaluationReports,zip,https://prod1.seace.gob.pe/SeaceWeb-PRO/SdescargarArchivoAlfresco?fileCode=477aa27b-2631-4ec0-93ab-d0d3274aec60
CP-SM-71-2024-ELSE-1,Documentos de Otorgamiento de Buena Pro,awardNotice,zip,https://prod1.seace.gob.pe/SeaceWeb-PRO/SdescargarArchivoAlfresco?fileCode=f8bcd7fd-719a-4006-9ca3-506a968fa3bc
CP-SM-71-2024-ELSE-1,Archivos del contrato,contractSigned,,https://prod4.seace.gob.pe:9000/api/con/documentos/descargar/152822445
CP-SM-28-2024-ELSE-1,Bases Administrativas,biddingDocuments,docx,https://prod1.seace.gob.pe/SeaceWeb-PRO/SdescargarArchivoAlfresco?fileCode=ffcda3f0-32f0-4008-864a-94dbfa73fee1
CP-SM-28-2024-ELSE-1,Resumen ejecutivo,biddingDocuments,pdf,https://prod1.seace.gob.pe/SeaceWeb-PRO/SdescargarArchivoAlfresco?fileCode=21b49b74-e54e-4cdf-a1ca-9af1bbe747bf
CP-SM-28-2024-ELSE-1,Acta de no formulación de consultas y observaciones,clarifications,pdf,https://prod1.seace.gob.pe/SeaceWeb-PRO/SdescargarArchivoAlfresco?fileCode=038ebe91-75b0-4686-84da-ce5f6f30b62f
CP-SM-28-2024-ELSE-1,Bases Integradas,biddingDocuments,docx,https://prod1.seace.gob.pe/SeaceWeb-PRO/SdescargarArchivoAlfresco?fileCode=39f2d669-cdfa-4448-8d8d-44e67c8fe6f1
CP-SM-28-2024-ELSE-1,Documentos de Presentación de Propuestas,biddingDocuments,zip,https://prod1.seace.gob.pe/SeaceWeb-PRO/SdescargarArchivoAlfresco?fileCode=d0173a41-f42f-45b4-b4e8-36430c8f9c88
CP-SM-28-2024-ELSE-1,Documentos de Calificación y Evaluación,evaluationReports,zip,https://prod1.seace.gob.pe/SeaceWeb-PRO/SdescargarArchivoAlfresco?fileCode=bcb0662d-d3e3-410f-b351-4e42101bc0c0
CP-SM-28-2024-ELSE-1,Documentos de Otorgamiento de Buena Pro,awardNotice,zip,https://prod1.seace.gob.pe/SeaceWeb-PRO/SdescargarArchivoAlfresco?fileCode=f5db251c-acf9-4cc4-b398-0cfd7d83ff5c
CP-SM-28-2024-ELSE-1,Archivos del contrato,contractSigned,,https://prod4.seace.gob.pe:9000/api/con/documentos/descargar/152816933
CP-SM-28-2024-ELSE-1,Archivos del contrato,contractSigned,,https://prod4.seace.gob.pe:9000/api/con/documentos/descargar/152816932
CP-SM-20-2024-ELSE-1,Bases Administrativas,biddingDocuments,docx,https://prod1.seace.gob.pe/SeaceWeb-PRO/SdescargarArchivoAlfresco?fileCode=1f3424d0-c2e5-4fb1-959d-ca86b6559061
CP-SM-20-2024-ELSE-1,Resumen ejecutivo,biddingDocuments,pdf,https://prod1.seace.gob.pe/SeaceWeb-PRO/SdescargarArchivoAlfresco?fileCode=1817c73e-7187-487b-87a4-0124db57561f
CP-SM-20-2024-ELSE-1,Pliego de absolución de consultas y observaciones,clarifications,pdf,https://prod1.seace.gob.pe/SeaceWeb-PRO/SdescargarArchivoAlfresco?fileCode=3ebc6553-9745-4aba-ab4a-81a0b654f883
CP-SM-20-2024-ELSE-1,Bases Integradas,biddingDocuments,docx,https://prod1.seace.gob.pe/SeaceWeb-PRO/SdescargarArchivoAlfresco?fileCode=163ce7a9-5793-46e5-a4b5-c374f3c082fa
CP-SM-20-2024-ELSE-1,Documentos de Presentación de Propuestas,biddingDocuments,zip,https://prod1.seace.gob.pe/SeaceWeb-PRO/SdescargarArchivoAlfresco?fileCode=38adf743-4c0f-45a9-adf3-5efbbc1eb724
CP-SM-20-2024-ELSE-1,Documentos de Calificación y Evaluación,evaluationReports,zip,https://prod1.seace.gob.pe/SeaceWeb-PRO/SdescargarArchivoAlfresco?fileCode=482fe29d-586e-4568-a6b1-71a00dce0bef
CP-SM-20-2024-ELSE-1,Documentos de Otorgamiento de Buena Pro,awardNotice,zip,https://prod1.seace.gob.pe/SeaceWeb-PRO/SdescargarArchivoAlfresco?fileCode=dc8ddc0b-df27-453a-938c-bee41b1a483a
CP-SM-20-2024-ELSE-1,Archivos del contrato,contractSigned,,https://prod4.seace.gob.pe:9000/api/con/documentos/descargar/152816957
CP-SM-22-2024-ELSE-1,Bases Administrativas,biddingDocuments,docx,https://prod1.seace.gob.pe/SeaceWeb-PRO/SdescargarArchivoAlfresco?fileCode=e3942449-30a2-4757-994c-94f46971fb14
CP-SM-22-2024-ELSE-1,Resumen ejecutivo,biddingDocuments,pdf,https://prod1.seace.gob.pe/SeaceWeb-PRO/SdescargarArchivoAlfresco?fileCode=024a3a1b-75cd-49bf-929a-eaff137cc6bc
CP-SM-22-2024-ELSE-1,Pliego de absolución de consultas y observaciones,clarifications,pdf,https://prod1.seace.gob.pe/SeaceWeb-PRO/SdescargarArchivoAlfresco?fileCode=b2f82fcb-0b24-48b8-ad13-e9322a1ff513
CP-SM-22-2024-ELSE-1,Bases Integradas,biddingDocuments,docx,https://prod1.seace.gob.pe/SeaceWeb-PRO/SdescargarArchivoAlfresco?fileCode=bc880af9-2063-4166-bdfa-7ddc99ee6616
CP-SM-22-2024-ELSE-1,Documentos de Presentación de Propuestas,biddingDocuments,zip,https://prod1.seace.gob.pe/SeaceWeb-PRO/SdescargarArchivoAlfresco?fileCode=2aef73d3-12d1-4adf-b870-cd443db50a8e
CP-SM-22-2024-ELSE-1,Documentos de Calificación y Evaluación,evaluationReports,zip,https://prod1.seace.gob.pe/SeaceWeb-PRO/SdescargarArchivoAlfresco?fileCode=ee1c46d3-4011-46eb-a1ba-b92dd8873849
CP-SM-22-2024-ELSE-1,Documentos de Otorgamiento de Buena Pro,awardNotice,zip,https://prod1.seace.gob.pe/SeaceWeb-PRO/SdescargarArchivoAlfresco?fileCode=ea613b07-2de8-41e6-8e58-a2a97541ad00
CP-SM-22-2024-ELSE-1,Archivos del contrato,contractSigned,,https://prod4.seace.gob.pe:9000/api/con/documentos/descargar/152816941
CP-SM-11-2024-ELSE-1,Bases Administrativas,biddingDocuments,docx,https://prod1.seace.gob.pe/SeaceWeb-PRO/SdescargarArchivoAlfresco?fileCode=d6df3399-1295-4fb1-9684-f05d81a6b91c
CP-SM-11-2024-ELSE-1,Resumen ejecutivo,biddingDocuments,pdf,https://prod1.seace.gob.pe/SeaceWeb-PRO/SdescargarArchivoAlfresco?fileCode=db628280-b6b5-42e4-bb53-fc393495ae79
CP-SM-11-2024-ELSE-1,Pliego de absolución de consultas y observaciones,clarifications,pdf,https://prod1.seace.gob.pe/SeaceWeb-PRO/SdescargarArchivoAlfresco?fileCode=93ea9486-8334-4a10-b280-79fe677e5684
CP-SM-11-2024-ELSE-1,Bases Integradas,biddingDocuments,docx,https://prod1.seace.gob.pe/SeaceWeb-PRO/SdescargarArchivoAlfresco?fileCode=95e82d45-2bf8-4a24-9d98-9f55f5a21ce3
CP-SM-11-2024-ELSE-1,Documentos de Presentación de Propuestas,biddingDocuments,zip,https://prod1.seace.gob.pe/SeaceWeb-PRO/SdescargarArchivoAlfresco?fileCode=89e53e12-8087-4a7b-b5b1-732a24fc82e3
CP-SM-11-2024-ELSE-1,Documentos de Calificación y Evaluación,evaluationReports,zip,https://prod1.seace.gob.pe/SeaceWeb-PRO/SdescargarArchivoAlfresco?fileCode=98883412-52af-4938-acb6-7c15e47d4826
CP-SM-11-2024-ELSE-1,Documentos de Otorgamiento de Buena Pro,awardNotice,zip,https://prod1.seace.gob.pe/SeaceWeb-PRO/SdescargarArchivoAlfresco?fileCode=42e54c08-abae-45ee-bb81-cdeef0acc3f4
CP-SM-11-2024-ELSE-1,Archivos del contrato,contractSigned,,https://prod4.seace.gob.pe:9000/api/con/documentos/descargar/152813487
CP-SM-11-2024-ELSE-1,Archivos del contrato,contractSigned,,https://prod4.seace.gob.pe:9000/api/con/documentos/descargar/152813486
CP-SM-11-2024-ELSE-1,Archivos de la garantía del contrato,contractAnnexe,,https://prod4.seace.gob.pe:9000/api/con/documentos/descargar/152813498
CP-SM-32-2024-ELSE-1,Bases Administrativas,biddingDocuments,docx,https://prod1.seace.gob.pe/SeaceWeb-PRO/SdescargarArchivoAlfresco?fileCode=bae1563e-ef95-4969-8887-2112f9fd44b0
CP-SM-32-2024-ELSE-1,Resumen ejecutivo,biddingDocuments,pdf,https://prod1.seace.gob.pe/SeaceWeb-PRO/SdescargarArchivoAlfresco?fileCode=39067d93-07e1-413a-8328-6ca1da90e199
CP-SM-32-2024-ELSE-1,Acta de no formulación de consultas y observaciones,clarifications,pdf,https://prod1.seace.gob.pe/SeaceWeb-PRO/SdescargarArchivoAlfresco?fileCode=1f13e47c-a106-4527-9644-8cdb65acefb7
CP-SM-32-2024-ELSE-1,Bases Integradas,biddingDocuments,docx,https://prod1.seace.gob.pe/SeaceWeb-PRO/SdescargarArchivoAlfresco?fileCode=b93126f9-0793-4d11-80dc-4ba12e965703
CP-SM-32-2024-ELSE-1,Documentos de Presentación de Propuestas,biddingDocuments,zip,https://prod1.seace.gob.pe/SeaceWeb-PRO/SdescargarArchivoAlfresco?fileCode=9bea85d0-4850-445b-b65a-a5b77e552917
CP-SM-32-2024-ELSE-1,Documentos de Calificación y Evaluación,evaluationReports,zip,https://prod1.seace.gob.pe/SeaceWeb-PRO/SdescargarArchivoAlfresco?fileCode=881b842a-e050-4419-b355-bc4373540075
CP-SM-32-2024-ELSE-1,Documentos de Otorgamiento de Buena Pro,awardNotice,zip,https://prod1.seace.gob.pe/SeaceWeb-PRO/SdescargarArchivoAlfresco?fileCode=618ad6e0-9ed1-4bee-8722-59f771b2b7bc
CP-SM-32-2024-ELSE-1,Archivos del contrato,contractSigned,,https://prod4.seace.gob.pe:9000/api/con/documentos/descargar/152812689
CP-SM-68-2024-ELSE-1,Bases Administrativas,biddingDocuments,docx,https://prod1.seace.gob.pe/SeaceWeb-PRO/SdescargarArchivoAlfresco?fileCode=cb9cfd3d-f2ae-4b25-a6aa-fbee2774c93f
CP-SM-68-2024-ELSE-1,Resumen ejecutivo,biddingDocuments,pdf,https://prod1.seace.gob.pe/SeaceWeb-PRO/SdescargarArchivoAlfresco?fileCode=4cd80e8d-e945-41f7-9381-8b7e9252a269
CP-SM-68-2024-ELSE-1,Bases Integradas,biddingDocuments,docx,https://prod1.seace.gob.pe/SeaceWeb-PRO/SdescargarArchivoAlfresco?fileCode=b264d392-89e4-4739-b981-60e8f515f1dc
CP-SM-68-2024-ELSE-1,Pliego de absolución de consultas y observaciones,clarifications,pdf,https://prod1.seace.gob.pe/SeaceWeb-PRO/SdescargarArchivoAlfresco?fileCode=af7be1f7-c759-4de4-9470-3e721debcd80
CP-SM-68-2024-ELSE-1,Documentos de Presentación de Propuestas,biddingDocuments,zip,https://prod1.seace.gob.pe/SeaceWeb-PRO/SdescargarArchivoAlfresco?fileCode=a751ee00-315c-4937-bddc-47b68e0409e7
CP-SM-68-2024-ELSE-1,Documentos de Calificación y Evaluación,evaluationReports,zip,https://prod1.seace.gob.pe/SeaceWeb-PRO/SdescargarArchivoAlfresco?fileCode=5e6edeb7-23ca-4f9f-9ab7-0a6b072bfdda
CP-SM-68-2024-ELSE-1,Documentos de Otorgamiento de Buena Pro,awardNotice,zip,https://prod1.seace.gob.pe/SeaceWeb-PRO/SdescargarArchivoAlfresco?fileCode=f116009e-ce8d-4531-b322-b05dc9a78790
CP-SM-68-2024-ELSE-1,Archivos del contrato,contractSigned,,https://prod4.seace.gob.pe:9000/api/con/documentos/descargar/152806242
CP-SM-74-2024-ELSE-1,Bases Administrativas,biddingDocuments,docx,https://prod1.seace.gob.pe/SeaceWeb-PRO/SdescargarArchivoAlfresco?fileCode=f4382677-b28e-4441-8a89-f6b9de62c254
CP-SM-74-2024-ELSE-1,Resumen ejecutivo,biddingDocuments,pdf,https://prod1.seace.gob.pe/SeaceWeb-PRO/SdescargarArchivoAlfresco?fileCode=5308fff3-7322-4e06-9ed8-90b4f39a37e2
CP-SM-74-2024-ELSE-1,Pliego de absolución de consultas y observaciones,clarifications,pdf,https://prod1.seace.gob.pe/SeaceWeb-PRO/SdescargarArchivoAlfresco?fileCode=efc30165-55f0-4f68-834c-5373cf63b7fa
CP-SM-74-2024-ELSE-1,Bases Integradas,biddingDocuments,docx,https://prod1.seace.gob.pe/SeaceWeb-PRO/SdescargarArchivoAlfresco?fileCode=c4af3049-432b-42f2-83df-d1307ac63651
CP-SM-74-2024-ELSE-1,Documentos de Presentación de Propuestas,biddingDocuments,zip,https://prod1.seace.gob.pe/SeaceWeb-PRO/SdescargarArchivoAlfresco?fileCode=3b55ee91-e851-4c9b-a37b-c008bbde0a9a
CP-SM-74-2024-ELSE-1,Documentos de Calificación y Evaluación,evaluationReports,zip,https://prod1.seace.gob.pe/SeaceWeb-PRO/SdescargarArchivoAlfresco?fileCode=ec25aba0-976a-4cc0-8720-ada06e346941
CP-SM-74-2024-ELSE-1,Documentos de Otorgamiento de Buena Pro,awardNotice,zip,https://prod1.seace.gob.pe/SeaceWeb-PRO/SdescargarArchivoAlfresco?fileCode=29ddfab6-0eab-4830-92d7-a5b38588358b
CP-SM-52-2024-ELSE-1,Pliego de absolución de consultas y observaciones,clarifications,pdf,https://prod1.seace.gob.pe/SeaceWeb-PRO/SdescargarArchivoAlfresco?fileCode=8a2d7e22-e7f5-44c4-8768-92191cf816c4
CP-SM-52-2024-ELSE-1,Bases Integradas,biddingDocuments,docx,https://prod1.seace.gob.pe/SeaceWeb-PRO/SdescargarArchivoAlfresco?fileCode=dceeb22e-0ab0-43a9-9724-a30cb5a1743e
CP-SM-52-2024-ELSE-1,Bases Administrativas,biddingDocuments,docx,https://prod1.seace.gob.pe/SeaceWeb-PRO/SdescargarArchivoAlfresco?fileCode=dd8b9714-4e84-48a2-9d0c-85e6c7e0f80f
CP-SM-52-2024-ELSE-1,Resumen ejecutivo,biddingDocuments,pdf,https://prod1.seace.gob.pe/SeaceWeb-PRO/SdescargarArchivoAlfresco?fileCode=cbd79e7a-2604-41dc-9463-8f5e51b397d4
CP-SM-52-2024-ELSE-1,Documentos de Presentación de Propuestas,biddingDocuments,zip,https://prod1.seace.gob.pe/SeaceWeb-PRO/SdescargarArchivoAlfresco?fileCode=38172e73-ca01-48c8-9e70-8918f8b2cf2f
CP-SM-52-2024-ELSE-1,Documentos de Calificación y Evaluación,evaluationReports,zip,https://prod1.seace.gob.pe/SeaceWeb-PRO/SdescargarArchivoAlfresco?fileCode=263f78c3-778e-438e-a04a-ea962ebbe5fc
CP-SM-52-2024-ELSE-1,Documentos de Otorgamiento de Buena Pro,awardNotice,zip,https://prod1.seace.gob.pe/SeaceWeb-PRO/SdescargarArchivoAlfresco?fileCode=8a5518e0-2a71-4a03-90de-c590021d68a1
CP-SM-70-2024-ELSE-1,Bases Administrativas,biddingDocuments,docx,https://prod1.seace.gob.pe/SeaceWeb-PRO/SdescargarArchivoAlfresco?fileCode=48314801-b493-42a0-b29c-ecb9329da9e9
CP-SM-70-2024-ELSE-1,Resumen ejecutivo,biddingDocuments,pdf,https://prod1.seace.gob.pe/SeaceWeb-PRO/SdescargarArchivoAlfresco?fileCode=497eb327-764e-44ec-b068-eb04e1ad2f0f
CP-SM-70-2024-ELSE-1,Pliego de absolución de consultas y observaciones,clarifications,pdf,https://prod1.seace.gob.pe/SeaceWeb-PRO/SdescargarArchivoAlfresco?fileCode=17e89c62-c7d5-4b20-a4bf-f15b98d7ad5d
CP-SM-70-2024-ELSE-1,Bases Integradas,biddingDocuments,docx,https://prod1.seace.gob.pe/SeaceWeb-PRO/SdescargarArchivoAlfresco?fileCode=044621cd-80e5-4a1b-ae71-977b544aa47f
CP-SM-70-2024-ELSE-1,Documentos de Presentación de Propuestas,biddingDocuments,zip,https://prod1.seace.gob.pe/SeaceWeb-PRO/SdescargarArchivoAlfresco?fileCode=493d9a1c-c7bc-4762-bbd1-9bc0640d7df4
CP-SM-70-2024-ELSE-1,Documentos de Calificación y Evaluación,evaluationReports,zip,https://prod1.seace.gob.pe/SeaceWeb-PRO/SdescargarArchivoAlfresco?fileCode=372878ef-c1c2-404e-a1a9-f1a23caa1129
CP-SM-70-2024-ELSE-1,Documentos de Otorgamiento de Buena Pro,awardNotice,zip,https://prod1.seace.gob.pe/SeaceWeb-PRO/SdescargarArchivoAlfresco?fileCode=568f8055-2dc7-4aba-8191-ac1add1a6a98
CP-SM-70-2024-ELSE-1,Archivos del contrato,contractSigned,,https://prod4.seace.gob.pe:9000/api/con/documentos/descargar/152803301
CP-SM-33-2024-ELSE-1,Bases Administrativas,biddingDocuments,docx,https://prod1.seace.gob.pe/SeaceWeb-PRO/SdescargarArchivoAlfresco?fileCode=2fc78712-e730-4992-a5bb-1d144c9cce7f
CP-SM-33-2024-ELSE-1,Resumen ejecutivo,biddingDocuments,pdf,https://prod1.seace.gob.pe/SeaceWeb-PRO/SdescargarArchivoAlfresco?fileCode=aa833b54-b1ab-40f2-a992-ea2ab36c3ec2
CP-SM-33-2024-ELSE-1,Pliego de absolución de consultas y observaciones,clarifications,pdf,https://prod1.seace.gob.pe/SeaceWeb-PRO/SdescargarArchivoAlfresco?fileCode=2bb84069-6305-4eac-a1f7-fc5c312f41bb
CP-SM-33-2024-ELSE-1,Bases Integradas,biddingDocuments,rar,https://prod1.seace.gob.pe/SeaceWeb-PRO/SdescargarArchivoAlfresco?fileCode=1f9aaff8-e919-4a75-93d6-a5fca7078198
CP-SM-33-2024-ELSE-1,Documentos de Presentación de Propuestas,biddingDocuments,zip,https://prod1.seace.gob.pe/SeaceWeb-PRO/SdescargarArchivoAlfresco?fileCode=fbd9d3c9-0bfe-4a38-93d0-f2a7b7be0368
CP-SM-33-2024-ELSE-1,Documentos de Calificación y Evaluación,evaluationReports,zip,https://prod1.seace.gob.pe/SeaceWeb-PRO/SdescargarArchivoAlfresco?fileCode=a8b6e46f-9836-4fa8-8b23-04481f669111
CP-SM-33-2024-ELSE-1,Documentos de Otorgamiento de Buena Pro,awardNotice,zip,https://prod1.seace.gob.pe/SeaceWeb-PRO/SdescargarArchivoAlfresco?fileCode=58aa88c0-c132-4720-b70c-dc1a0ecb79be
CP-SM-4-2024-ELSE-1,Bases Administrativas,biddingDocuments,docx,https://prod1.seace.gob.pe/SeaceWeb-PRO/SdescargarArchivoAlfresco?fileCode=8c120686-3f42-4e1a-bba0-771a81ef1cb0
CP-SM-4-2024-ELSE-1,Resumen ejecutivo,biddingDocuments,pdf,https://prod1.seace.gob.pe/SeaceWeb-PRO/SdescargarArchivoAlfresco?fileCode=68023a59-1ee5-4bae-9bb3-7ac2f028bb07
CP-SM-4-2024-ELSE-1,Pliego de absolución de consultas y observaciones,clarifications,pdf,https://prod1.seace.gob.pe/SeaceWeb-PRO/SdescargarArchivoAlfresco?fileCode=5413c3a2-1e7b-4627-b18d-bed5f27044b5
CP-SM-4-2024-ELSE-1,Bases Integradas,biddingDocuments,docx,https://prod1.seace.gob.pe/SeaceWeb-PRO/SdescargarArchivoAlfresco?fileCode=f4cd3f1e-cbf7-4c42-a287-d9825c4372f6
CP-SM-4-2024-ELSE-1,Documentos de Presentación de Propuestas,biddingDocuments,zip,https://prod1.seace.gob.pe/SeaceWeb-PRO/SdescargarArchivoAlfresco?fileCode=17b09f68-60c5-4519-830f-8a98012e9d5d
CP-SM-4-2024-ELSE-1,Documentos de Calificación y Evaluación,evaluationReports,zip,https://prod1.seace.gob.pe/SeaceWeb-PRO/SdescargarArchivoAlfresco?fileCode=48d036cf-1107-49e6-8987-80349d8835a3
CP-SM-4-2024-ELSE-1,Documentos de Otorgamiento de Buena Pro,awardNotice,zip,https://prod1.seace.gob.pe/SeaceWeb-PRO/SdescargarArchivoAlfresco?fileCode=4f130477-c2fb-415e-bb59-920dcf4df590
AS-SM-79-2024-ELSE-1,Bases Administrativas,biddingDocuments,docx,https://prod1.seace.gob.pe/SeaceWeb-PRO/SdescargarArchivoAlfresco?fileCode=ed1164a5-5fa4-474c-a923-4550bee0db81
AS-SM-79-2024-ELSE-1,Resumen ejecutivo,biddingDocuments,pdf,https://prod1.seace.gob.pe/SeaceWeb-PRO/SdescargarArchivoAlfresco?fileCode=e732ecd1-cc1d-4d06-b91b-7138ef5a92c7
AS-SM-79-2024-ELSE-1,Informe que sustenta la declaratoria de Desierto,evaluationReports,pdf,https://prod1.seace.gob.pe/SeaceWeb-PRO/SdescargarArchivoAlfresco?fileCode=dda73794-3ef6-407c-b5cf-5c29a0691474
AS-SM-79-2024-ELSE-1,Pliego de absolución de consultas y observaciones,clarifications,pdf,https://prod1.seace.gob.pe/SeaceWeb-PRO/SdescargarArchivoAlfresco?fileCode=2d583613-2163-4dce-bbf5-624e2adb14d5
AS-SM-79-2024-ELSE-1,Bases Integradas,biddingDocuments,docx,https://prod1.seace.gob.pe/SeaceWeb-PRO/SdescargarArchivoAlfresco?fileCode=32f3ef65-c0e6-4087-8755-272ac76bdde7
AS-SM-79-2024-ELSE-1,Documentos de Presentación de Propuestas,biddingDocuments,zip,https://prod1.seace.gob.pe/SeaceWeb-PRO/SdescargarArchivoAlfresco?fileCode=50aba9b9-5705-4a07-a794-d083877f282d
AS-SM-79-2024-ELSE-1,Documentos de Calificación y Evaluación,evaluationReports,zip,https://prod1.seace.gob.pe/SeaceWeb-PRO/SdescargarArchivoAlfresco?fileCode=b96498c8-3966-4526-894f-a76f5893d398
AS-SM-79-2024-ELSE-1,Documentos de Otorgamiento de Buena Pro,awardNotice,zip,https://prod1.seace.gob.pe/SeaceWeb-PRO/SdescargarArchivoAlfresco?fileCode=c842589f-67aa-4c58-b838-92405f1e71f9
AS-SM-79-2024-ELSE-1,Archivos del contrato,contractSigned,,https://prod4.seace.gob.pe:9000/api/con/documentos/descargar/152799941
LP-SM-30-2024-ELSE-1,Bases Administrativas,biddingDocuments,docx,https://prod1.seace.gob.pe/SeaceWeb-PRO/SdescargarArchivoAlfresco?fileCode=b9dea66d-f4f7-4d79-923c-f040b46edfb3
LP-SM-30-2024-ELSE-1,Resumen ejecutivo,biddingDocuments,pdf,https://prod1.seace.gob.pe/SeaceWeb-PRO/SdescargarArchivoAlfresco?fileCode=22020a15-606a-49a8-8bc3-5691737ba6b1
LP-SM-30-2024-ELSE-1,Pliego de absolución de consultas y observaciones,clarifications,pdf,https://prod1.seace.gob.pe/SeaceWeb-PRO/SdescargarArchivoAlfresco?fileCode=6eb5dd2b-f32a-41d0-9dc5-4c86068e6ba2
LP-SM-30-2024-ELSE-1,Bases Integradas,biddingDocuments,docx,https://prod1.seace.gob.pe/SeaceWeb-PRO/SdescargarArchivoAlfresco?fileCode=25b1f727-e945-49b3-8a8d-ce6521cddb38
LP-SM-30-2024-ELSE-1,Documentos de Presentación de Propuestas,biddingDocuments,zip,https://prod1.seace.gob.pe/SeaceWeb-PRO/SdescargarArchivoAlfresco?fileCode=c12685a3-c0b2-42fd-b5c0-24078d5ddda9
LP-SM-30-2024-ELSE-1,Documentos de Calificación y Evaluación,evaluationReports,zip,https://prod1.seace.gob.pe/SeaceWeb-PRO/SdescargarArchivoAlfresco?fileCode=802e179d-66ed-45a1-b488-6c10fd45b8a2
LP-SM-30-2024-ELSE-1,Documentos de Otorgamiento de Buena Pro,awardNotice,zip,https://prod1.seace.gob.pe/SeaceWeb-PRO/SdescargarArchivoAlfresco?fileCode=47acea67-6921-4bef-abdb-ab9f2d65c8a2
LP-SM-7-2024-ELSE-1,Bases Administrativas,biddingDocuments,docx,https://prod1.seace.gob.pe/SeaceWeb-PRO/SdescargarArchivoAlfresco?fileCode=5d8fe07a-0b20-420b-911b-a1dc460df1fc
LP-SM-7-2024-ELSE-1,Resumen ejecutivo,biddingDocuments,pdf,https://prod1.seace.gob.pe/SeaceWeb-PRO/SdescargarArchivoAlfresco?fileCode=004267a9-23f7-4ca5-a7ad-222483f0c427
LP-SM-7-2024-ELSE-1,Pliego de absolución de consultas y observaciones,clarifications,pdf,https://prod1.seace.gob.pe/SeaceWeb-PRO/SdescargarArchivoAlfresco?fileCode=c5b820aa-caa2-49dd-9ee6-37ea50d0a481
LP-SM-7-2024-ELSE-1,Bases Integradas,biddingDocuments,docx,https://prod1.seace.gob.pe/SeaceWeb-PRO/SdescargarArchivoAlfresco?fileCode=ee0977c9-f5cc-4520-834b-7b605516d305
CP-SM-75-2024-ELSE-1,Bases Administrativas,biddingDocuments,docx,https://prod1.seace.gob.pe/SeaceWeb-PRO/SdescargarArchivoAlfresco?fileCode=f54f7576-c4ac-474e-9a3f-7653e05c8e2b
CP-SM-75-2024-ELSE-1,Resumen ejecutivo,biddingDocuments,pdf,https://prod1.seace.gob.pe/SeaceWeb-PRO/SdescargarArchivoAlfresco?fileCode=ac29927c-b16e-4b1b-b8c6-88a7c3b76ede
CP-SM-75-2024-ELSE-1,Pliego de absolución de consultas y observaciones,clarifications,pdf,https://prod1.seace.gob.pe/SeaceWeb-PRO/SdescargarArchivoAlfresco?fileCode=69a74b90-8705-49fa-8549-4121b677217f
CP-SM-75-2024-ELSE-1,Bases Integradas,biddingDocuments,docx,https://prod1.seace.gob.pe/SeaceWeb-PRO/SdescargarArchivoAlfresco?fileCode=5305afdb-e13a-494b-8779-94c81577f286
CP-SM-76-2024-ELSE-1,Bases Administrativas,biddingDocuments,docx,https://prod1.seace.gob.pe/SeaceWeb-PRO/SdescargarArchivoAlfresco?fileCode=3627f166-24b6-494a-af6c-a7bf92d5096c
CP-SM-76-2024-ELSE-1,Resumen ejecutivo,biddingDocuments,pdf,https://prod1.seace.gob.pe/SeaceWeb-PRO/SdescargarArchivoAlfresco?fileCode=fece4759-6052-4320-93dd-1b6fa0977ee4
CP-SM-76-2024-ELSE-1,Pliego de absolución de consultas y observaciones,clarifications,pdf,https://prod1.seace.gob.pe/SeaceWeb-PRO/SdescargarArchivoAlfresco?fileCode=bfc7fb89-8912-4bf6-abb3-da49bd16d759
CP-SM-76-2024-ELSE-1,Bases Integradas,biddingDocuments,docx,https://prod1.seace.gob.pe/SeaceWeb-PRO/SdescargarArchivoAlfresco?fileCode=aa709172-e301-4b3d-ae6f-f5a506c9f14d
CP-SM-73-2024-ELSE-1,Bases Administrativas,biddingDocuments,docx,https://prod1.seace.gob.pe/SeaceWeb-PRO/SdescargarArchivoAlfresco?fileCode=aa67426e-912b-466b-b505-e4b42d504601
CP-SM-73-2024-ELSE-1,Resumen ejecutivo,biddingDocuments,pdf,https://prod1.seace.gob.pe/SeaceWeb-PRO/SdescargarArchivoAlfresco?fileCode=e1077ffb-3595-43df-92b9-c40c6a6e85c8
CP-SM-73-2024-ELSE-1,Pliego de absolución de consultas y observaciones,clarifications,pdf,https://prod1.seace.gob.pe/SeaceWeb-PRO/SdescargarArchivoAlfresco?fileCode=32a5c5d2-9b78-4057-87f0-29afed3d8b45
CP-SM-73-2024-ELSE-1,Bases Integradas,biddingDocuments,docx,https://prod1.seace.gob.pe/SeaceWeb-PRO/SdescargarArchivoAlfresco?fileCode=daa112b9-7e86-44cf-8791-92b24c77d102
CP-SM-72-2024-ELSE-1,Bases Administrativas,biddingDocuments,docx,https://prod1.seace.gob.pe/SeaceWeb-PRO/SdescargarArchivoAlfresco?fileCode=3c6cdea1-ced1-4b61-934a-57c4729223cf
CP-SM-72-2024-ELSE-1,Resumen ejecutivo,biddingDocuments,pdf,https://prod1.seace.gob.pe/SeaceWeb-PRO/SdescargarArchivoAlfresco?fileCode=093ea0e7-3adb-4ea1-bf0f-03fc1b8a3b59
CP-SM-72-2024-ELSE-1,Pliego de absolución de consultas y observaciones,clarifications,pdf,https://prod1.seace.gob.pe/SeaceWeb-PRO/SdescargarArchivoAlfresco?fileCode=1b498a72-e4d4-4b68-ac6f-eccf97fd2482
CP-SM-72-2024-ELSE-1,Bases Integradas,biddingDocuments,docx,https://prod1.seace.gob.pe/SeaceWeb-PRO/SdescargarArchivoAlfresco?fileCode=16df09af-eacf-4ecb-8fcd-5a5a5338d344
CP-SM-52-2024-ELSE-1,Bases Administrativas,biddingDocuments,docx,https://prod1.seace.gob.pe/SeaceWeb-PRO/SdescargarArchivoAlfresco?fileCode=dd8b9714-4e84-48a2-9d0c-85e6c7e0f80f
CP-SM-52-2024-ELSE-1,Resumen ejecutivo,biddingDocuments,pdf,https://prod1.seace.gob.pe/SeaceWeb-PRO/SdescargarArchivoAlfresco?fileCode=cbd79e7a-2604-41dc-9463-8f5e51b397d4
CP-SM-52-2024-ELSE-1,Pliego de absolución de consultas y observaciones,clarifications,pdf,https://prod1.seace.gob.pe/SeaceWeb-PRO/SdescargarArchivoAlfresco?fileCode=50815114-41dd-41c8-b633-e99e4a6873fe
CP-SM-52-2024-ELSE-1,Bases Integradas,biddingDocuments,docx,https://prod1.seace.gob.pe/SeaceWeb-PRO/SdescargarArchivoAlfresco?fileCode=a8ff49f7-f414-42d5-9434-a6f1c4ad632b
CP-SM-50-2024-ELSE-1,Bases Administrativas,biddingDocuments,docx,https://prod1.seace.gob.pe/SeaceWeb-PRO/SdescargarArchivoAlfresco?fileCode=db9c5d99-1076-4e38-ba3b-30e2d3f1fad4
CP-SM-50-2024-ELSE-1,Resumen ejecutivo,biddingDocuments,pdf,https://prod1.seace.gob.pe/SeaceWeb-PRO/SdescargarArchivoAlfresco?fileCode=581bdd20-6dda-4930-82c0-0eff90185cb6
CP-SM-50-2024-ELSE-1,Pliego de absolución de consultas y observaciones,clarifications,pdf,https://prod1.seace.gob.pe/SeaceWeb-PRO/SdescargarArchivoAlfresco?fileCode=d0e10ccf-1736-4d90-9426-5838ad801562
CP-SM-50-2024-ELSE-1,Bases Integradas,biddingDocuments,docx,https://prod1.seace.gob.pe/SeaceWeb-PRO/SdescargarArchivoAlfresco?fileCode=24d5dbe5-9508-4e79-8644-d6774eefd81f
CP-SM-50-2024-ELSE-1,Documentos de Presentación de Propuestas,biddingDocuments,zip,https://prod1.seace.gob.pe/SeaceWeb-PRO/SdescargarArchivoAlfresco?fileCode=e30f48c1-6ccf-4b45-b6b2-dc6729ed8c1d
CP-SM-50-2024-ELSE-1,Documentos de Calificación y Evaluación,evaluationReports,zip,https://prod1.seace.gob.pe/SeaceWeb-PRO/SdescargarArchivoAlfresco?fileCode=2604f690-006f-4162-97d6-168a3860ffdd
CP-SM-50-2024-ELSE-1,Documentos de Otorgamiento de Buena Pro,awardNotice,zip,https://prod1.seace.gob.pe/SeaceWeb-PRO/SdescargarArchivoAlfresco?fileCode=de03b8ac-f120-4720-8d94-ccaa309411ce
CP-SM-38-2024-ELSE-1,Bases Administrativas,biddingDocuments,docx,https://prod1.seace.gob.pe/SeaceWeb-PRO/SdescargarArchivoAlfresco?fileCode=2bcd1adf-81e1-45fd-80e2-e2581a813a9d
CP-SM-38-2024-ELSE-1,Resumen ejecutivo,biddingDocuments,pdf,https://prod1.seace.gob.pe/SeaceWeb-PRO/SdescargarArchivoAlfresco?fileCode=4116da15-0af0-4a0e-96bd-09ac453c3e45
CP-SM-38-2024-ELSE-1,Pliego de absolución de consultas y observaciones,clarifications,pdf,https://prod1.seace.gob.pe/SeaceWeb-PRO/SdescargarArchivoAlfresco?fileCode=2c8074bd-9250-4112-80bd-23cf4ac04700
CP-SM-38-2024-ELSE-1,Bases Integradas,biddingDocuments,zip,https://prod1.seace.gob.pe/SeaceWeb-PRO/SdescargarArchivoAlfresco?fileCode=28159259-a1e9-4996-bb93-a62b404a6a92
CP-SM-38-2024-ELSE-1,Documentos de Presentación de Propuestas,biddingDocuments,zip,https://prod1.seace.gob.pe/SeaceWeb-PRO/SdescargarArchivoAlfresco?fileCode=f6e4157c-319c-4ccd-a1dd-a47e702020a1
CP-SM-38-2024-ELSE-1,Documentos de Calificación y Evaluación,evaluationReports,zip,https://prod1.seace.gob.pe/SeaceWeb-PRO/SdescargarArchivoAlfresco?fileCode=8017c160-c3b1-4633-b2c3-f62638561369
CP-SM-38-2024-ELSE-1,Documentos de Otorgamiento de Buena Pro,awardNotice,zip,https://prod1.seace.gob.pe/SeaceWeb-PRO/SdescargarArchivoAlfresco?fileCode=ace19d56-fe29-4e3e-8f27-19723c2bd2b0
CP-SM-16-2024-ELSE-1,Bases Administrativas,biddingDocuments,docx,https://prod1.seace.gob.pe/SeaceWeb-PRO/SdescargarArchivoAlfresco?fileCode=244ccf85-515b-40f1-8edb-8a52297eb513
CP-SM-16-2024-ELSE-1,Resumen ejecutivo,biddingDocuments,pdf,https://prod1.seace.gob.pe/SeaceWeb-PRO/SdescargarArchivoAlfresco?fileCode=6ddd3436-fd21-489f-a09b-b67767f78f98
CP-SM-16-2024-ELSE-1,Pliego de absolución de consultas y observaciones,clarifications,pdf,https://prod1.seace.gob.pe/SeaceWeb-PRO/SdescargarArchivoAlfresco?fileCode=3d3ec45b-baab-48dc-a53c-7207abe71f53
CP-SM-16-2024-ELSE-1,Bases Integradas,biddingDocuments,docx,https://prod1.seace.gob.pe/SeaceWeb-PRO/SdescargarArchivoAlfresco?fileCode=884b2792-8c16-4acb-9a65-a969f804e0d5
CP-SM-69-2024-ELSE-1,Bases Administrativas,biddingDocuments,docx,https://prod1.seace.gob.pe/SeaceWeb-PRO/SdescargarArchivoAlfresco?fileCode=941682b3-1e2f-4412-adba-e05fe5219f24
CP-SM-69-2024-ELSE-1,Resumen ejecutivo,biddingDocuments,pdf,https://prod1.seace.gob.pe/SeaceWeb-PRO/SdescargarArchivoAlfresco?fileCode=b5a97ac7-bc6b-4ef6-a348-e935586fca28
CP-SM-69-2024-ELSE-1,Acta de no formulación de consultas y observaciones,clarifications,pdf,https://prod1.seace.gob.pe/SeaceWeb-PRO/SdescargarArchivoAlfresco?fileCode=6dd25026-f902-4696-bb39-16dd8ac5e7aa
CP-SM-69-2024-ELSE-1,Bases Integradas,biddingDocuments,docx,https://prod1.seace.gob.pe/SeaceWeb-PRO/SdescargarArchivoAlfresco?fileCode=3b80c3f2-b96c-4574-9f91-2e8304cb9fb1
CP-SM-17-2024-ELSE-1,Bases Administrativas,biddingDocuments,docx,https://prod1.seace.gob.pe/SeaceWeb-PRO/SdescargarArchivoAlfresco?fileCode=c967290e-c543-4a64-9d9e-f28dfb90f714
CP-SM-17-2024-ELSE-1,Resumen ejecutivo,biddingDocuments,pdf,https://prod1.seace.gob.pe/SeaceWeb-PRO/SdescargarArchivoAlfresco?fileCode=83c40dd3-bdf4-4fbd-9b87-bb850f51bfbb
LP-SM-30-2024-ELSE-1,Bases Administrativas,biddingDocuments,docx,https://prod1.seace.gob.pe/SeaceWeb-PRO/SdescargarArchivoAlfresco?fileCode=b9dea66d-f4f7-4d79-923c-f040b46edfb3
LP-SM-30-2024-ELSE-1,Resumen ejecutivo,biddingDocuments,pdf,https://prod1.seace.gob.pe/SeaceWeb-PRO/SdescargarArchivoAlfresco?fileCode=22020a15-606a-49a8-8bc3-5691737ba6b1
LP-SM-7-2024-ELSE-1,Bases Administrativas,biddingDocuments,docx,https://prod1.seace.gob.pe/SeaceWeb-PRO/SdescargarArchivoAlfresco?fileCode=5d8fe07a-0b20-420b-911b-a1dc460df1fc
LP-SM-7-2024-ELSE-1,Resumen ejecutivo,biddingDocuments,pdf,https://prod1.seace.gob.pe/SeaceWeb-PRO/SdescargarArchivoAlfresco?fileCode=004267a9-23f7-4ca5-a7ad-222483f0c427
AS-SM-69-2024-ELSE-2,Bases Administrativas,biddingDocuments,docx,https://prod1.seace.gob.pe/SeaceWeb-PRO/SdescargarArchivoAlfresco?fileCode=6cf29432-9e9d-4ff2-801a-65df1d0ce5de
AS-SM-69-2024-ELSE-2,Resumen ejecutivo,biddingDocuments,pdf,https://prod1.seace.gob.pe/SeaceWeb-PRO/SdescargarArchivoAlfresco?fileCode=8f051102-8a24-4aa9-9c80-f04cb6fe60ec
AS-SM-69-2024-ELSE-2,Informe que sustenta la declaratoria de Desierto,evaluationReports,pdf,https://prod1.seace.gob.pe/SeaceWeb-PRO/SdescargarArchivoAlfresco?fileCode=50a9d42e-9684-4039-babf-a07a7090ec72
AS-SM-69-2024-ELSE-2,Pliego de absolución de consultas y observaciones,clarifications,pdf,https://prod1.seace.gob.pe/SeaceWeb-PRO/SdescargarArchivoAlfresco?fileCode=4212b582-d658-4d51-acb5-17f16afc3599
AS-SM-69-2024-ELSE-2,Bases Integradas,biddingDocuments,docx,https://prod1.seace.gob.pe/SeaceWeb-PRO/SdescargarArchivoAlfresco?fileCode=8df07d0d-d34f-47a1-bfcc-9a41f78f6ef5
AS-SM-69-2024-ELSE-2,Documentos de Presentación de Propuestas,biddingDocuments,zip,https://prod1.seace.gob.pe/SeaceWeb-PRO/SdescargarArchivoAlfresco?fileCode=99f16158-0255-4de4-9997-0d0107384d36
AS-SM-69-2024-ELSE-2,Documentos de Calificación y Evaluación,evaluationReports,zip,https://prod1.seace.gob.pe/SeaceWeb-PRO/SdescargarArchivoAlfresco?fileCode=a39a4e8b-bada-4f15-bcd4-3ec8be149ae5
AS-SM-69-2024-ELSE-2,Documentos de Otorgamiento de Buena Pro,awardNotice,zip,https://prod1.seace.gob.pe/SeaceWeb-PRO/SdescargarArchivoAlfresco?fileCode=ecc604e2-e75a-4d61-b876-9aea828b7134
SIE-SIE-4-2024-ELSE-2,Bases Administrativas,biddingDocuments,docx,https://prod1.seace.gob.pe/SeaceWeb-PRO/SdescargarArchivoAlfresco?fileCode=cdac1399-4046-439d-97bf-47de5241b75d
SIE-SIE-4-2024-ELSE-2,Resumen ejecutivo,biddingDocuments,pdf,https://prod1.seace.gob.pe/SeaceWeb-PRO/SdescargarArchivoAlfresco?fileCode=0aafa664-28d2-449b-ae9e-410f1a659f41
SIE-SIE-4-2024-ELSE-2,Informe que sustenta la declaratoria de Desierto,evaluationReports,pdf,https://prod1.seace.gob.pe/SeaceWeb-PRO/SdescargarArchivoAlfresco?fileCode=d33b76b8-f66c-470f-a603-33ad25b816ea
AS-SM-30-2024-ELSE-1,Bases Administrativas,biddingDocuments,zip,https://prod1.seace.gob.pe/SeaceWeb-PRO/SdescargarArchivoAlfresco?fileCode=4f16b585-dda5-447d-833f-47ce4a235e0c
AS-SM-30-2024-ELSE-1,Resumen ejecutivo,biddingDocuments,pdf,https://prod1.seace.gob.pe/SeaceWeb-PRO/SdescargarArchivoAlfresco?fileCode=444d18d8-7650-4a79-ac1f-004b081c6c96
AS-SM-30-2024-ELSE-1,Bases Integradas,biddingDocuments,docx,https://prod1.seace.gob.pe/SeaceWeb-PRO/SdescargarArchivoAlfresco?fileCode=f51ea370-f7ba-4e13-99fe-27c44289eac1
AS-SM-30-2024-ELSE-1,Acta de no formulación de consultas y observaciones,clarifications,pdf,https://prod1.seace.gob.pe/SeaceWeb-PRO/SdescargarArchivoAlfresco?fileCode=f184f117-973b-4451-8eb6-c8dfbfb23688
AS-SM-30-2024-ELSE-1,Documentos de Presentación de Propuestas,biddingDocuments,zip,https://prod1.seace.gob.pe/SeaceWeb-PRO/SdescargarArchivoAlfresco?fileCode=e9afd750-2b06-43c1-9f38-d1bc615fe384
AS-SM-30-2024-ELSE-1,Documentos de Calificación y Evaluación,evaluationReports,zip,https://prod1.seace.gob.pe/SeaceWeb-PRO/SdescargarArchivoAlfresco?fileCode=a1a3084e-2fd9-43e6-9f41-fd2208a6488c
AS-SM-30-2024-ELSE-1,Documentos de Otorgamiento de Buena Pro,awardNotice,zip,https://prod1.seace.gob.pe/SeaceWeb-PRO/SdescargarArchivoAlfresco?fileCode=ce1b4bff-0824-45ae-ae4f-21063266de8e
