OCID,TENDER_ID,NOMENCLATURA,DESCRIPCION,TIPO,CATEGORIA,ENTIDAD,VALOR,MONEDA,FECHA_PUB,NUM_POSTORES,GANADOR,MONTO_ADJ,CONTRATO
ocds-dgv273-seacev3-2024-2407-112,985742,AS-SM-37-2024-ELSE-1,SERVICIO DE SUPERVISIÓN DE SUMINISTROS MAYORES,Adjudicación Simplificada,services,EMPRESA REGIONAL DE SERVICIOS PUBLICOS DE ELECTRICIDAD DEL SUR ESTE S.A.,183451.04,PEN,2024-01-26T15:33:00-05:00,15,LUCROP,149160.0,027-2024
ocds-dgv273-seacev3-2024-2407-55,985469,CP-SM-35-2024-ELSE-1,MANTENIMIENTO DE VEHICULOS DE CARGA LIGERA CUSCO,Concurso Público,services,EMPRESA REGIONAL DE SERVICIOS PUBLICOS DE ELECTRICIDAD DEL SUR ESTE S.A.,1093081.37,PEN,2024-01-24T12:58:00-05:00,5,CONSORCIO AUTOMOTRIZ VALLE SAGRADO S.R.L.,629276.0,033-2024
ocds-dgv273-seacev3-2024-2407-143,985713,SIE-SIE-8-2024-ELSE-1,ADQUISICION DE COMBUSTBLE PARA UNIDADES MÓVILES QUISPICANCHI,Subasta Inversa Electrónica,goods,EMPRESA REGIONAL DE SERVICIOS PUBLICOS DE ELECTRICIDAD DEL SUR ESTE S.A.,91832.0,PEN,2024-01-26T11:59:00-05:00,3,GRIFO J.H.P. E.I.R.LTDA.,85280.0,025-2024
ocds-dgv273-seacev3-2024-2407-74,988694,CP-SM-54-2024-ELSE-1,ACTUALIZACION DEL ESTUDIO DE COORDINACIÓN DE PROTECCIONES ELECTRICAS A NIVEL EMPRESARIAL,Concurso Público,services,EMPRESA REGIONAL DE SERVICIOS PUBLICOS DE ELECTRICIDAD DEL SUR ESTE S.A.,490850.0,PEN,2024-02-15T15:18:00-05:00,14,CONSORCIO SUR,365400.0,047-2024
ocds-dgv273-seacev3-2024-2407-129,991387,AS-SM-51-2023-ELSE-2,"SERVICIO PARA ATENCION DE CLIENTES EN FERIAS, COLEGIOS Y VOLANTEO APURIMAC 2024",Adjudicación Simplificada,services,EMPRESA REGIONAL DE SERVICIOS PUBLICOS DE ELECTRICIDAD DEL SUR ESTE S.A.,88356.66,PEN,2024-02-27T16:57:00-05:00,8,NIÑO DE GUZMAN CONTRERAS JOHN,74900.0,044-2024
ocds-dgv273-seacev3-994998,994998,LP-SM-1-2024-ELSE-1,"AMPLIACIÓN DE LA SUBESTACIÓN QUENCORO 138 KV, CELDA DE TRANSFORMACIÓN PLAN MAESTRO 138/34,5/10,5 KV DEL DISTRITO DE SAN JERÓNIMO, PROVINCIA DEL CUSCO, DEPARTAMENTO DEL CUSCO",Licitación Pública,works,EMPRESA REGIONAL DE SERVICIOS PUBLICOS DE ELECTRICIDAD DEL SUR ESTE S.A.,24938839.07,PEN,2024-02-14T10:53:00-05:00,15,CONSORCIO SOLINTI,27381778.2,050-2024
ocds-dgv273-seacev3-2024-2407-60,990195,CP-SM-40-2024-ELSE-1,SERVICIO DE SUPERVISIÓN DE CONTRASTACIÓN DE MEDIDORES 2024-2025,Concurso Público,services,EMPRESA REGIONAL DE SERVICIOS PUBLICOS DE ELECTRICIDAD DEL SUR ESTE S.A.,1003747.3,PEN,2024-02-22T12:52:00-05:00,32,TELCOM ENERGY,451015.5,060-2024
ocds-dgv273-seacev3-2024-2407-27,990263,CP-SM-7-2024-ELSE-1,SERVICIO PARA EL MANTENIMIENTO DE INFRAESTRUCTURA ELÉCTRICA DE DISTRIBUCIÓN - LA CONVENCIÓN,Concurso Público,services,EMPRESA REGIONAL DE SERVICIOS PUBLICOS DE ELECTRICIDAD DEL SUR ESTE S.A.,4356858.68,PEN,2024-02-22T15:14:00-05:00,22,AT SOLUCIONES S.R.L.,5457946.4,054-2024
ocds-dgv273-seacev3-2024-2407-38,986501,CP-SM-18-2024-ELSE-1,SERVICIO DE MANTENIMIENTO DE ACOMETIDAS DOMICILIARIAS CUSCO 2024,Concurso Público,services,EMPRESA REGIONAL DE SERVICIOS PUBLICOS DE ELECTRICIDAD DEL SUR ESTE S.A.,4209831.14,PEN,2024-02-02T15:08:00-05:00,23,CONSORCIO ILLAPAY,4205753.5,045-2024
ocds-dgv273-seacev3-2024-2407-141,991601,SIE-SIE-6-2024-ELSE-1,"ADQUISICIÓN DE COMBUSTIBLE PARA VEHÍCULOS APURÍMAC, ANDAHUAYLAS 2024 - 2025",Subasta Inversa Electrónica,goods,EMPRESA REGIONAL DE SERVICIOS PUBLICOS DE ELECTRICIDAD DEL SUR ESTE S.A.,173200.0,PEN,2024-02-28T10:32:00-05:00,3,ESTACION DE SERVICIOS GRUPO A & T PERU SOCIEDAD ANONIMA CERRADA,174000.0,043-2024
ocds-dgv273-seacev3-2024-2407-56,987413,CP-SM-36-2024-ELSE-1,"GESTIÓN DE PÉRDIDAS CUSCO, MADRE DE DIOS Y APURÍMAC",Concurso Público,services,EMPRESA REGIONAL DE SERVICIOS PUBLICOS DE ELECTRICIDAD DEL SUR ESTE S.A.,1333022.13,PEN,2024-02-08T12:19:00-05:00,17,CONSORCIO ILLAPAY,898627.5,039-2024
ocds-dgv273-seacev3-2024-2407-25,986759,CP-SM-5-2024-ELSE-1,SERVICIO DE OPERACIÓN Y MANTENIMIENTO DE CENTRALES HIDROELÉCTRICAS,Concurso Público,services,EMPRESA REGIONAL DE SERVICIOS PUBLICOS DE ELECTRICIDAD DEL SUR ESTE S.A.,6748729.08,PEN,2024-02-05T21:02:00-05:00,9,CONSORCIO INGENERCON-AMV,6183350.0,032-2024
ocds-dgv273-seacev3-2024-2407-26,986366,CP-SM-6-2024-ELSE-1,SERVICIO PARA LA CONTRASTACIÓN DE MEDIDORES 2024 - 2026,Concurso Público,services,EMPRESA REGIONAL DE SERVICIOS PUBLICOS DE ELECTRICIDAD DEL SUR ESTE S.A.,6890069.33,PEN,2024-02-01T16:53:00-05:00,8,MALCOM S.A. CONTRATISTAS GENERALES,6498179.38,034-2024
ocds-dgv273-seacev3-2024-2407-1,988139,LP-SM-1-2024-ELSE-1,"AMPLIACIÓN DE LA SUBESTACIÓN QUENCORO 138 KV, CELDA DE TRANSFORMACIÓN PLAN MAESTRO 138/34,5/10,5 KV DEL DISTRITO DE SAN JERÓNIMO, PROVINCIA DEL CUSCO, DEPARTAMENTO DEL CUSCO",Licitación Pública,works,EMPRESA REGIONAL DE SERVICIOS PUBLICOS DE ELECTRICIDAD DEL SUR ESTE S.A.,24987234.91,PEN,2024-02-14T10:53:00-05:00,0,,,
ocds-dgv273-seacev3-2024-2407-76,998983,AS-SM-1-2024-ELSE-1,"SALDO DE OBRA: RENOVACIÓN DE LÍNEA PRIMARIA, EN EL(LA) SALIDA DE LA TRONCAL, DE LOS ALIMENTADORES EN 13.2 KV Y 22.9 KV DE LA SET ANDAHUAYLAS DEL DISTRITO DE ANDAHUAYLAS, PROVINCIA ANDAHUAYLAS, DEPARTAMENTO APURÍMAC",Adjudicación Simplificada,works,EMPRESA REGIONAL DE SERVICIOS PUBLICOS DE ELECTRICIDAD DEL SUR ESTE S.A.,2023004.94,PEN,2024-03-25T12:46:00-05:00,28,ESQUIVEL CABALLERO WENDEL,1820704.45,064-2024
ocds-dgv273-seacev3-2024-2407-145,997625,AS-SM-63-2024-ELSE-1,ADQUISICIÓN DE PARARRAYOS PARA LINEAS DE TRANSMISIÓN,Adjudicación Simplificada,goods,EMPRESA REGIONAL DE SERVICIOS PUBLICOS DE ELECTRICIDAD DEL SUR ESTE S.A.,809140.0,PEN,2024-03-20T14:24:00-05:00,22,CONSORCIO H,425651.09,056-2024
ocds-dgv273-seacev3-2024-2407-57,995924,CP-SM-37-2024-ELSE-1,SERVICIO DE REPARACION Y MANTENIMIENTO DE TRANSFORMADORES DE DISTRIBUCION PARA CONTINGENCIAS,Concurso Público,services,EMPRESA REGIONAL DE SERVICIOS PUBLICOS DE ELECTRICIDAD DEL SUR ESTE S.A.,1125150.0,PEN,2024-03-14T14:47:00-05:00,13,INDUSTRIAS TESLA PERU SOCIEDAD COMERCIAL DE RESPONSABILIDAD LIMITADA - TESLA PERU SRL.,1084200.0,052-2024
ocds-dgv273-seacev3-2024-2407-98,992029,AS-SM-23-2024-ELSE-1,SERVICIO DE MESA DE AYUDA DE SOPORTE A USUARIOS E INFRAESTRUCTURA,Adjudicación Simplificada,services,EMPRESA REGIONAL DE SERVICIOS PUBLICOS DE ELECTRICIDAD DEL SUR ESTE S.A.,367500.0,PEN,2024-03-04T11:13:00-05:00,14,GUTIERREZ RAMIREZ KEVIN HAROLD,203954.0,038-2024
ocds-dgv273-seacev3-2024-2407-144,993433,AS-SM-61-2024-ELSE-1,"SALDO DE OBRA MEJORAMIENTO Y AMPLIACIÓN EN MEDIA TENSIÓN Y BAJA TENSIÓN DE 16 SECTORES DEL DISTRITO DE MARAS, PROVINCIA DE URUBAMBA, DEPARTAMENTO DE CUSCO",Adjudicación Simplificada,works,EMPRESA REGIONAL DE SERVICIOS PUBLICOS DE ELECTRICIDAD DEL SUR ESTE S.A.,1959283.01,PEN,2024-03-06T10:23:00-05:00,48,PROYECTOS E INVERSIONES MULTIPLES S.A.C.,1763354.71,066-2024
ocds-dgv273-seacev3-2024-2407-103,994611,AS-SM-28-2024-ELSE-1,SERVICIO DE VERIFICACION POST OPERACIÓN DE LOS SISTEMAS FOTOVOLTAICOS-RER,Adjudicación Simplificada,services,EMPRESA REGIONAL DE SERVICIOS PUBLICOS DE ELECTRICIDAD DEL SUR ESTE S.A.,219525.0,PEN,2024-03-11T15:52:00-05:00,24,ONE SOURCE S.A.C.,162500.0,053-2024
ocds-dgv273-seacev3-2024-2407-2,998475,LP-SM-2-2024-ELSE-1,ADQUISICIÓN DE TRANSFORMADOR DE POTENCIA 60/22.9KV-9MVA Y EQUIPAMIENTO DE B4CELDA DE TRANSFORMADOR DE 60KV Y DE CELDA DE TRANSFORMADOR DE 22.9KV,Licitación Pública,goods,EMPRESA REGIONAL DE SERVICIOS PUBLICOS DE ELECTRICIDAD DEL SUR ESTE S.A.,8966524.05,PEN,2024-03-25T10:56:00-05:00,24,IMG EQUIPAMIENTOS S.A.C.,8590400.0,075-2024
ocds-dgv273-seacev3-2024-2407-67,997262,CP-SM-47-2024-ELSE-1,SERVICIO PARA LA ATENCIÓN DE PROCEDIMIENTOS ADMINISTRATIVOS DE RECLAMOS EN LA REGIÓN CUSCO 2024-2025,Concurso Público,services,EMPRESA REGIONAL DE SERVICIOS PUBLICOS DE ELECTRICIDAD DEL SUR ESTE S.A.,763564.2,PEN,2024-03-19T16:21:00-05:00,24,EJECUTOR,699750.0,068-2024
ocds-dgv273-seacev3-995983,995983,AS-SM-62-2024-ELSE-1,SERVICIO DE LEVANTAMIENTO DE DEFICIENCIAS DE MEDIA TENSION APURIMAC 2023 - 2024,Adjudicación Simplificada,services,EMPRESA REGIONAL DE SERVICIOS PUBLICOS DE ELECTRICIDAD DEL SUR ESTE S.A.,4125189.27,PEN,2024-03-14T16:20:00-05:00,13,CONCAS,2853934.01,067-2024
ocds-dgv273-seacev3-2024-2407-147,997177,CP-SM-56-2024-ELSE-1,AGENCIAMIENTO DE PASAJES AÉREOS,Concurso Público,services,EMPRESA REGIONAL DE SERVICIOS PUBLICOS DE ELECTRICIDAD DEL SUR ESTE S.A.,265728.23,USD,2024-03-19T14:41:00-05:00,8,PERU MUNDO TRAVEL SOCIEDADA ANONIMA CERRADA,262209.0,058-2024
ocds-dgv273-seacev3-2024-2407-138,997686,SIE-SIE-3-2024-ELSE-1,ADQUISICIÓN DE COMBUSTIBLE PARA VEHÍCULOS APURÍMAC - ABANCAY 2024 - 2025,Subasta Inversa Electrónica,goods,EMPRESA REGIONAL DE SERVICIOS PUBLICOS DE ELECTRICIDAD DEL SUR ESTE S.A.,357670.01,PEN,2024-03-20T16:15:00-05:00,5,SERVICENTRO SAN JOSE E.I.R.LTDA.,356592.0,051-2024
ocds-dgv273-seacev3-2024-2407-150,1009069,CP-SM-58-2024-ELSE-1,"SUPERVISIÓN DE ELABORACIÓN DE EXPEDIENTE TÉCNICO Y EJECUCIÓN DE OBRA: AMPLIACIÓN DE LA SUBESTACIÓN QUENCORO 138 KV, CELDA DE TRANSFORMACIÓN PLAN MAESTRO 138/34.4/10.5 KV DEL DISTRITO DE SAN JERÓNIMO, PROVINCIA DEL CUSCO, DEPARTAMENTO DEL CUSCO",Concurso Público,services,EMPRESA REGIONAL DE SERVICIOS PUBLICOS DE ELECTRICIDAD DEL SUR ESTE S.A.,1651302.79,PEN,2024-04-24T21:58:00-05:00,7,ACI PROYECTOS S.A.S. SUCURSAL DEL PERU,1486172.52,073-2024
ocds-dgv273-seacev3-2024-2407-110,1009388,AS-SM-35-2024-ELSE-1,SUPERVISIÓN DE ASPECTOS DE SEGURIDAD Y MEDIO AMBIENTE EN ELSE,Adjudicación Simplificada,services,EMPRESA REGIONAL DE SERVICIOS PUBLICOS DE ELECTRICIDAD DEL SUR ESTE S.A.,210147.69,PEN,2024-04-25T16:32:00-05:00,12,CONSORCIO CHAWPY,236348.14,076-2024
ocds-dgv273-seacev3-2024-2407-75,1010813,AS-SM-64-2024-ELSE-1,MUESTREO DE TRANSFORMADORES Y CONDENSADORES CON PCB,Adjudicación Simplificada,services,EMPRESA REGIONAL DE SERVICIOS PUBLICOS DE ELECTRICIDAD DEL SUR ESTE S.A.,467981.0,PEN,2024-04-30T12:33:00-05:00,15,INDUSTRIAS TESLA PERU SOCIEDAD COMERCIAL DE RESPONSABILIDAD LIMITADA - TESLA PERU SRL.,457240.0,071-2024
ocds-dgv273-seacev3-2024-2407-149,1005710,AS-SM-44-2023-ELSE-2,SERVICIO DE CONFECCION DE LETREROS Y AUTOADHESIVOS PARA CODIFICACION EN ESTRUCTURAS DE TRANSMISIÓN,Adjudicación Simplificada,services,EMPRESA REGIONAL DE SERVICIOS PUBLICOS DE ELECTRICIDAD DEL SUR ESTE S.A.,445950.0,PEN,2024-04-16T15:45:00-05:00,21,CONSORCIO VIRGEN DEL CARMEN,278220.0,072-2024
ocds-dgv273-seacev3-2024-2407-131,1007837,CP-SM-59-2024-ELSE-1,SERVICIO DE ENVIO DE MENSAJES SMS A CLIENTES,Concurso Público,services,EMPRESA REGIONAL DE SERVICIOS PUBLICOS DE ELECTRICIDAD DEL SUR ESTE S.A.,528710.64,PEN,2024-04-22T16:24:00-05:00,19,HOLACLIENTE SOCIEDAD ANONIMA CERRADA,289700.0,074-2024
ocds-dgv273-seacev3-2024-2407-142,1004238,SIE-SIE-7-2024-ELSE-1,ADQUISICIÓN DE COMBUSTIBLE PARA UNIDADES VEHICULARES ANTA,Subasta Inversa Electrónica,goods,EMPRESA REGIONAL DE SERVICIOS PUBLICOS DE ELECTRICIDAD DEL SUR ESTE S.A.,69360.0,PEN,2024-04-11T12:43:00-05:00,5,MULTISERVICIOS  PETRO GALAXI  E.I.R.L.,70000.0,
ocds-dgv273-seacev3-2024-2407-102,1002355,AS-SM-27-2024-ELSE-1,"SERVICIO DE TRASVASE, TRANSPORTE Y DISPOSICIÓN DE RESIDUOS SOLIDOS",Adjudicación Simplificada,services,EMPRESA REGIONAL DE SERVICIOS PUBLICOS DE ELECTRICIDAD DEL SUR ESTE S.A.,434400.0,PEN,2024-04-05T15:44:00-05:00,9,RECICLADORA DE METALES JJ EMPRESA INDIVIDUAL DE RESPONSABILIDAD LIMITADA,256000.0,061-2024
ocds-dgv273-seacev3-2024-2407-119,1007774,AS-SM-44-2024-ELSE-1,SERVICIO DE DETERMINACIÓN DE PÉRDIDAS POR SEDS,Adjudicación Simplificada,services,EMPRESA REGIONAL DE SERVICIOS PUBLICOS DE ELECTRICIDAD DEL SUR ESTE S.A.,159767.68,PEN,2024-04-22T15:54:00-05:00,11,,,
ocds-dgv273-seacev3-1053324,1053324,CP-SM-1-2024-ELSE-1,RESGUARDO Y VIGILANCIA DE LOS LOCALES DE ELECTRO SUR ESTE S.A.A.,Concurso Público,services,EMPRESA REGIONAL DE SERVICIOS PUBLICOS DE ELECTRICIDAD DEL SUR ESTE S.A.,9167816.96,PEN,2024-05-22T11:16:00-05:00,22,SEGURIDAD VIP ASPER SOCIEDAD ANONIMA CERRADA,9988381.98,110-2024
ocds-dgv273-seacev3-2024-2407-80,1019624,AS-SM-5-2024-ELSE-1,"SALDO DE OBRA: REMODELACIÓN DE ALMACÉN O DEPOSITO, EN EL (LA) CENTRAL TÉRMICA DE PUERTO MALDONADO ELECTRO SUR ESTE S.A.A. EN LA LOCALIDAD DE PUERTO MALDONADO, DISTRITO DE TAMBOPATA, PROVINCIA DE TAMBOPATA, DEPARTAMENTO MADRE DE DIOS",Adjudicación Simplificada,works,EMPRESA REGIONAL DE SERVICIOS PUBLICOS DE ELECTRICIDAD DEL SUR ESTE S.A.,373695.6,PEN,2024-05-28T12:06:00-05:00,36,CONSORCIO IMPERIO III,331086.24,099-2024
ocds-dgv273-seacev3-2024-2407-21,1017838,CP-SM-1-2024-ELSE-1,RESGUARDO Y VIGILANCIA DE LOS LOCALES DE ELECTRO SUR ESTE S.A.A.,Concurso Público,services,EMPRESA REGIONAL DE SERVICIOS PUBLICOS DE ELECTRICIDAD DEL SUR ESTE S.A.,9167816.96,PEN,2024-05-22T11:16:00-05:00,16,'WALKER PROTECTION SOCIEDAD ANONIMA CERRADA',7764943.11,
ocds-dgv273-seacev3-1020281,1020281,AS-SM-44-2024-ELSE-2,SERVICIO DE DETERMINACIÓN DE PÉRDIDAS POR SEDS,Adjudicación Simplificada,services,EMPRESA REGIONAL DE SERVICIOS PUBLICOS DE ELECTRICIDAD DEL SUR ESTE S.A.,159767.68,PEN,2024-05-29T16:18:00-05:00,9,,,
ocds-dgv273-seacev3-2024-2407-95,1017967,AS-SM-20-2024-ELSE-1,ADQUISICION DE ACCESORIOS PARA AP CELULA FOTOELECTRICA 10A,Adjudicación Simplificada,goods,EMPRESA REGIONAL DE SERVICIOS PUBLICOS DE ELECTRICIDAD DEL SUR ESTE S.A.,299207.74,PEN,2024-05-22T16:02:00-05:00,21,COMERCIALIZADORA DE FABRIC. ELECT. SAC,184320.0,085-2024
ocds-dgv273-seacev3-2024-2407-92,1015392,CP-SM-60-2024-ELSE-1,SERVICIO DE CONEXIÓN DEDICADA A INTERNET,Concurso Público,services,EMPRESA REGIONAL DE SERVICIOS PUBLICOS DE ELECTRICIDAD DEL SUR ESTE S.A.,605856.0,PEN,2024-05-15T10:46:00-05:00,19,GTD PERÚ S.A,329928.0,082-2024
ocds-dgv273-seacev3-2024-2407-29,1014206,CP-SM-9-2024-ELSE-1,SERVICIO DE CENTROS DE ATENCIÓN REGIÓN CUSCO 2024 - 2025,Concurso Público,services,EMPRESA REGIONAL DE SERVICIOS PUBLICOS DE ELECTRICIDAD DEL SUR ESTE S.A.,0.0,PEN,2024-05-10T14:58:00-05:00,0,,,
ocds-dgv273-seacev3-2024-2407-111,1012266,AS-SM-36-2024-ELSE-1,ADQUISICIÓN DE REGISTRADORES MONOFASICOS,Adjudicación Simplificada,goods,EMPRESA REGIONAL DE SERVICIOS PUBLICOS DE ELECTRICIDAD DEL SUR ESTE S.A.,280567.0,PEN,2024-05-06T15:54:00-05:00,10,CVK ELECTRONICS SOCIEDAD ANONIMA CERRADA,210000.0,070-2024
ocds-dgv273-seacev3-2024-2407-127,1017830,AS-SM-52-2024-ELSE-1,SERVICIO DE CALIBRACION DE EQUIPOS PARA MEDICIÓN DE LA NTCSE,Adjudicación Simplificada,services,EMPRESA REGIONAL DE SERVICIOS PUBLICOS DE ELECTRICIDAD DEL SUR ESTE S.A.,0.0,PEN,2024-05-22T10:39:00-05:00,0,,,
ocds-dgv273-seacev3-2024-2407-137,1014958,SIE-SIE-2-2024-ELSE-1,ADQUISICIÓN  DE COMBUSTIBLE PARA GENERACION MEDIANTE GRUPOS ELECTROGENOS,Subasta Inversa Electrónica,goods,EMPRESA REGIONAL DE SERVICIOS PUBLICOS DE ELECTRICIDAD DEL SUR ESTE S.A.,407750.0,PEN,2024-05-14T11:36:00-05:00,4,,,
ocds-dgv273-seacev3-1026981,1026981,AS-SM-41-2024-ELSE-1,IDENTIFICACIÓN DE PÉRDIDAS POR TRAMOS DE MT,Adjudicación Simplificada,services,EMPRESA REGIONAL DE SERVICIOS PUBLICOS DE ELECTRICIDAD DEL SUR ESTE S.A.,148582.28,PEN,2024-06-20T15:59:00-05:00,14,LJE CONTRATISTAS GENERALES EMPRESA INDIVIDUAL DE RESPONSABILIDAD LIMITADA,149270.0,084-2024
ocds-dgv273-seacev3-2024-2407-54,1025508,AS-SM-68-2024-ELSE-1,SERVICIO DE REPARTO DE RECIBOS DE LOS SFV-RER,Adjudicación Simplificada,services,EMPRESA REGIONAL DE SERVICIOS PUBLICOS DE ELECTRICIDAD DEL SUR ESTE S.A.,1470073.8,PEN,2024-06-17T10:15:00-05:00,26,CONCAS,1097017.8,083-2024
ocds-dgv273-seacev3-1040881,1040881,AS-SM-38-2024-ELSE-1,SERVICIO DE LIMPIEZA DE LOS AMBIENTES Y LOCALES DE LA GERENCIA APURÍMAC,Adjudicación Simplificada,services,EMPRESA REGIONAL DE SERVICIOS PUBLICOS DE ELECTRICIDAD DEL SUR ESTE S.A.,197768.58,PEN,2024-06-20T15:31:00-05:00,33,MIRAVAL SERVICIOS GENERALES S.R.L.,174404.58,088-2024
ocds-dgv273-seacev3-2024-2407-65,1026482,CP-SM-45-2024-ELSE-1,MANTENIMIENTO DE VEHICULOS DE CARGA PESADA CUSCO,Concurso Público,services,EMPRESA REGIONAL DE SERVICIOS PUBLICOS DE ELECTRICIDAD DEL SUR ESTE S.A.,971284.38,PEN,2024-06-20T08:35:00-05:00,7,SCA-VOL E.I.R.L.,635616.0,111-2024
ocds-dgv273-seacev3-2024-2407-154,1026388,AS-SM-13-2023-ELSE-2,ADQUISICIÓN DE TUBOS PARA EL SOTERRAMIENTO DE REDES,Adjudicación Simplificada,goods,EMPRESA REGIONAL DE SERVICIOS PUBLICOS DE ELECTRICIDAD DEL SUR ESTE S.A.,166961.0,PEN,2024-06-19T10:58:00-05:00,6,CONTUSOL S.A.C.,161408.0,080-2024
ocds-dgv273-seacev3-2024-2407-113,1026905,AS-SM-38-2024-ELSE-1,SERVICIO DE LIMPIEZA DE LOS AMBIENTES Y LOCALES DE LA GERENCIA APURÍMAC,Adjudicación Simplificada,services,EMPRESA REGIONAL DE SERVICIOS PUBLICOS DE ELECTRICIDAD DEL SUR ESTE S.A.,197768.58,PEN,2024-06-20T15:31:00-05:00,32,SERVICIOS GENERALES MASA S.R.L.,163982.4,
ocds-dgv273-seacev3-2024-2407-153,1026079,AS-SM-66-2024-ELSE-1,SOPORTE DE GESTIÓN AMBIENTAL ANTE OEFA,Adjudicación Simplificada,services,EMPRESA REGIONAL DE SERVICIOS PUBLICOS DE ELECTRICIDAD DEL SUR ESTE S.A.,322598.0,PEN,2024-06-18T16:46:00-05:00,4,ATIQ PROYECTOS S.A.C.,328630.0,079-2024
ocds-dgv273-seacev3-2024-2407-155,1032788,LP-SM-22-2024-ELSE-1,"MEJORAMIENTO Y AMPLIACIÓN DEL SERVICIO DE DISTRIBUCIÓN DE ENERGÍA ELÉCTRICA EN EL ALIMENTADOR AN04 DE LOS SECTORES DE SUCARAYLLA, ANCCARAYLLA, HUARACCO OCCO, YANAYOCC Y CUMANAYLLA DISTRITO DE ANDAHUAYLAS DE LA PROVINCIA DE ANDAHUAYLAS DEL DEPARTAMENTO DE APURÍMAC",Licitación Pública,works,EMPRESA REGIONAL DE SERVICIOS PUBLICOS DE ELECTRICIDAD DEL SUR ESTE S.A.,4830831.76,PEN,2024-07-09T12:18:00-05:00,60,A.U.R.A. CONTRATISTAS SOCIEDAD COMERCIAL DE RESPONSABILIDAD LIMITADA - A.U.R.A. CONTRATISTAS S.R.L.,4347748.59,LP-022-2024
ocds-dgv273-seacev3-1056338,1056338,LP-SM-9-2024-ELSE-1,ADQUISICIÓN DE EQUIPOS DE CIBERSEGURIDAD,Licitación Pública,goods,EMPRESA REGIONAL DE SERVICIOS PUBLICOS DE ELECTRICIDAD DEL SUR ESTE S.A.,6511940.22,PEN,2024-07-15T11:26:00-05:00,20,LSCV  SYSTEMS  E.I.R.L.,1624583.0,014-2025
ocds-dgv273-seacev3-2024-2407-49,1031219,CP-SM-29-2024-ELSE-1,SERVICIOS DE LIMPIEZA DE LOS AMBIENTES INSTITUCIONALES REGION CUSCO,Concurso Público,services,EMPRESA REGIONAL DE SERVICIOS PUBLICOS DE ELECTRICIDAD DEL SUR ESTE S.A.,1553657.67,PEN,2024-07-03T16:29:00-05:00,45,CORPORACION EMPRESARIAL VISUAL SERVICIOS GENERALES S.R.L.,1128933.81,101-2024
ocds-dgv273-seacev3-2024-2407-133,1030667,AS-SM-58-2024-ELSE-1,"SALDO DE OBRA: REMODELACIÓN DE CERCO PERIMETRICO EN EL(LA) LOCAL DE LA OFICINA, CENTRALES Y DEPÓSITOS DE ELECTRO SUR ESTE S.A.A, DEL DISTRITO DE IBERIA DE LA PROVINCIA DE TAHUAMANU Y DEL DISTRITO DE TAMBOPATA, PROVINCIA TAMBOPATA, DEPARTAMENTO MADRE DE DIOS",Adjudicación Simplificada,works,EMPRESA REGIONAL DE SERVICIOS PUBLICOS DE ELECTRICIDAD DEL SUR ESTE S.A.,76963.52,PEN,2024-07-02T12:42:00-05:00,36,CIMACD,69267.17,089-2024
ocds-dgv273-seacev3-1040624,1040624,CP-SM-62-2024-ELSE-1,SERVICIO DE COMUNICACIONES DE ENLACES SATELITALES,Concurso Público,services,EMPRESA REGIONAL DE SERVICIOS PUBLICOS DE ELECTRICIDAD DEL SUR ESTE S.A.,1336917.24,PEN,2024-07-05T14:53:00-05:00,13,GLOBALSAT PERU TELECOMUNICACIONES S.A.C.,329686.1,108-2024
ocds-dgv273-seacev3-1034584,1034584,AS-SM-52-2024-ELSE-2,SERVICIO DE CALIBRACION DE EQUIPOS PARA MEDICIÓN DE LA NTCSE,Adjudicación Simplificada,services,EMPRESA REGIONAL DE SERVICIOS PUBLICOS DE ELECTRICIDAD DEL SUR ESTE S.A.,149631.09,PEN,2024-07-15T15:43:00-05:00,7,JLI METROLOGY SOCIEDAD ANONIMA CERRADA,147876.0,095-2024
ocds-dgv273-seacev3-1065574,1065574,CP-SM-2-2024-ELSE-1,SERVICIO DE MANTENIMIENTO DE SUBESTACIONES DE TRANSFORMACION Y SUMINISTRO DE REPUESTOS.,Concurso Público,services,EMPRESA REGIONAL DE SERVICIOS PUBLICOS DE ELECTRICIDAD DEL SUR ESTE S.A.,7357562.38,PEN,2024-07-08T15:58:00-05:00,22,,,
ocds-dgv273-seacev3-2024-2407-96,1033682,AS-SM-21-2024-ELSE-1,TRANSPORTE DE MATERIALES Y EQUIPOS AL ALMACEN DE PUERTO MALDONADO,Adjudicación Simplificada,services,EMPRESA REGIONAL DE SERVICIOS PUBLICOS DE ELECTRICIDAD DEL SUR ESTE S.A.,461243.02,PEN,2024-07-11T15:44:00-05:00,8,CHURA PUMA JHOEL JHON,399120.0,115-2024
ocds-dgv273-seacev3-1038042,1038042,LP-SM-12-2024-ELSE-1,"CREACION DE ALMACEN DE ELECTRO SUR ESTE QORIMARCA EN EL SECTOR DE CHINCHERO, DISTRITO DE CHINCHERO, PROVINCIA DE URUBAMBA, DEPARTAMENTO DE CUSCO",Licitación Pública,works,EMPRESA REGIONAL DE SERVICIOS PUBLICOS DE ELECTRICIDAD DEL SUR ESTE S.A.,4346021.24,PEN,2024-07-04T15:00:00-05:00,75,Consorcio Estancia,3911419.12,102-2024
ocds-dgv273-seacev3-2024-2407-104,1036204,AS-SM-29-2024-ELSE-1,SERVICIO DE MEDICO OCUPACIONAL,Adjudicación Simplificada,services,EMPRESA REGIONAL DE SERVICIOS PUBLICOS DE ELECTRICIDAD DEL SUR ESTE S.A.,225031.59,PEN,2024-07-19T17:01:00-05:00,25,OCUPATIONAL HYGIENE PERU S.A.C.,155000.0,096-2024
ocds-dgv273-seacev3-1034942,1034942,LP-SM-9-2024-ELSE-1,ADQUISICIÓN DE EQUIPOS DE CIBERSEGURIDAD,Licitación Pública,goods,EMPRESA REGIONAL DE SERVICIOS PUBLICOS DE ELECTRICIDAD DEL SUR ESTE S.A.,0.0,PEN,2024-07-15T11:26:00-05:00,0,,,
ocds-dgv273-seacev3-2024-2407-46,1038099,CP-SM-26-2024-ELSE-1,SERVICIO MEJORAMIENTO DE ACOMETIDAS DOMICILIARIAS LA CONVENCIÓN 2024-2025,Concurso Público,services,EMPRESA REGIONAL DE SERVICIOS PUBLICOS DE ELECTRICIDAD DEL SUR ESTE S.A.,1941076.87,PEN,2024-07-30T18:03:00-05:00,18,,,
ocds-dgv273-seacev3-2024-2407-97,1032055,CP-SM-62-2024-ELSE-1,SERVICIO DE COMUNICACIONES DE ENLACES SATELITALES,Concurso Público,services,EMPRESA REGIONAL DE SERVICIOS PUBLICOS DE ELECTRICIDAD DEL SUR ESTE S.A.,0.0,PEN,2024-07-05T14:53:00-05:00,0,,,
ocds-dgv273-seacev3-2024-2407-12,1031595,LP-SM-12-2024-ELSE-1,"CREACION DE ALMACEN DE ELECTRO SUR ESTE QORIMARCA EN EL SECTOR DE CHINCHERO, DISTRITO DE CHINCHERO, PROVINCIA DE URUBAMBA, DEPARTAMENTO DE CUSCO",Licitación Pública,works,EMPRESA REGIONAL DE SERVICIOS PUBLICOS DE ELECTRICIDAD DEL SUR ESTE S.A.,4346021.24,PEN,2024-07-04T15:00:00-05:00,0,,,
ocds-dgv273-seacev3-1031948,1031948,AS-SM-69-2024-ELSE-1,ADQUISICIÓN  DE COMBUSTIBLE PARA GENERACION MEDIANTE GRUPOS ELECTROGENOS,Adjudicación Simplificada,goods,EMPRESA REGIONAL DE SERVICIOS PUBLICOS DE ELECTRICIDAD DEL SUR ESTE S.A.,0.0,PEN,2024-07-05T10:41:00-05:00,0,,,
ocds-dgv273-seacev3-2024-2407-20,1042119,AS-SM-70-2024-ELSE-1,ADQUISICIÓN DE ROPA DE TRABAJO,Adjudicación Simplificada,goods,EMPRESA REGIONAL DE SERVICIOS PUBLICOS DE ELECTRICIDAD DEL SUR ESTE S.A.,283695.63,PEN,2024-08-14T15:32:00-05:00,24,CONSORCIO SAN JOSE,37044.0,098-2024
ocds-dgv273-seacev3-2024-2407-16,1044574,LP-SM-16-2024-ELSE-1,ADQUISICIÓN DE CLÚSTER DE RED PRIVADA,Licitación Pública,goods,EMPRESA REGIONAL DE SERVICIOS PUBLICOS DE ELECTRICIDAD DEL SUR ESTE S.A.,3331533.33,PEN,2024-08-22T15:47:00-05:00,2,CONSORCIO INGRAM MICRO S.A.C. ¿ INFRAESTRUCTURA EN TELECOMUNICACIONES Y SERVICIOS INTEGRALES S.A.C.,2993285.16,113-2024
ocds-dgv273-seacev3-2024-2407-90,1045132,AS-SM-15-2024-ELSE-1,SERVICIO DE LIMPIEZA Y FUMIGACIÓN DE AMBIENTES Y LOCALES DE LA GERENCIA REGIONAL MADRE DE DIOS,Adjudicación Simplificada,services,EMPRESA REGIONAL DE SERVICIOS PUBLICOS DE ELECTRICIDAD DEL SUR ESTE S.A.,416466.39,PEN,2024-08-23T15:49:00-05:00,34,MIRAVAL SERVICIOS GENERALES S.R.L.,398624.79,105-2024
ocds-dgv273-seacev3-2024-2407-23,1046420,CP-SM-3-2024-ELSE-1,SERVICIO DE ACTIVIDADES TÉCNICO COMERCIALES CUSCO Y PARURO,Concurso Público,services,EMPRESA REGIONAL DE SERVICIOS PUBLICOS DE ELECTRICIDAD DEL SUR ESTE S.A.,9827484.34,PEN,2024-08-28T15:54:00-05:00,19,ENERGIA,8177552.11,001-2025
ocds-dgv273-seacev3-2024-2407-61,1046373,CP-SM-41-2024-ELSE-1,SERVICIO DE GESTIÓN DEL CONSUMO DE ALUMBRADO PÚBLICO CUSCO,Concurso Público,services,EMPRESA REGIONAL DE SERVICIOS PUBLICOS DE ELECTRICIDAD DEL SUR ESTE S.A.,1319507.52,PEN,2024-08-28T14:50:00-05:00,20,ESTRATEGIAS EN CONSTRUCCIONES PERU INKA S.A.C.,1119597.6,127-2024
ocds-dgv273-seacev3-2024-2407-156,1043224,CP-SM-63-2024-ELSE-1,Servicio de centros de atención Región Cusco 2024 -2025.,Concurso Público,services,EMPRESA REGIONAL DE SERVICIOS PUBLICOS DE ELECTRICIDAD DEL SUR ESTE S.A.,4475098.44,PEN,2024-08-19T11:47:00-05:00,20,CONCAS,4494480.0,119-2024
ocds-dgv273-seacev3-2024-2407-132,1043300,AS-SM-57-2024-ELSE-1,SERVICIO DE MONITOREO SATELITAL GPS Y TRANSMISIÓN DE DATOS,Adjudicación Simplificada,services,EMPRESA REGIONAL DE SERVICIOS PUBLICOS DE ELECTRICIDAD DEL SUR ESTE S.A.,76051.28,PEN,2024-08-20T11:31:00-05:00,17,COMPAÑIA DE TELECOMUNICACIONES TELREDSAT SOCIEDAD ANONIMA CERRADA - TELREDSAT S.A.C.,56232.0,126-2024
ocds-dgv273-seacev3-1067280,1067280,CP-SM-46-2024-ELSE-1,SERVICIO DE MESA DE AYUDA DEL SIELSE,Concurso Público,services,EMPRESA REGIONAL DE SERVICIOS PUBLICOS DE ELECTRICIDAD DEL SUR ESTE S.A.,866392.9,PEN,2024-08-16T09:25:00-05:00,9,,,
ocds-dgv273-seacev3-2024-2407-66,1042729,CP-SM-46-2024-ELSE-1,SERVICIO DE MESA DE AYUDA DEL SIELSE,Concurso Público,services,EMPRESA REGIONAL DE SERVICIOS PUBLICOS DE ELECTRICIDAD DEL SUR ESTE S.A.,866392.9,PEN,2024-08-16T09:25:00-05:00,9,SINFP E.I.R.L.,745000.0,
ocds-dgv273-seacev3-2024-2407-88,1046843,AS-SM-13-2024-ELSE-1,"SUPERVISION DE OBRA: CREACION DE ALMACEN DE ELECTRO SUR ESTE QORIMARCA EN EL SECTOR DE CHINCHERO, DISTRITO DE CHINCHERO, PROVINCIA DE URUBAMBA, DEPARTAMENTO DE CUSCO",Adjudicación Simplificada,services,EMPRESA REGIONAL DE SERVICIOS PUBLICOS DE ELECTRICIDAD DEL SUR ESTE S.A.,359825.8,PEN,2024-08-29T15:01:00-05:00,22,ALANOCA ARAGON BERNARDO,323843.22,112-2024
ocds-dgv273-seacev3-1056752,1056752,CP-SM-27-2024-ELSE-1,SUBSANACION DE DMS PROCEDIMIENTO 228 OSINERGMIN MADRE DE DIOS,Concurso Público,services,EMPRESA REGIONAL DE SERVICIOS PUBLICOS DE ELECTRICIDAD DEL SUR ESTE S.A.,1494491.29,PEN,2024-08-01T14:30:00-05:00,21,,,
ocds-dgv273-seacev3-2024-2407-114,1044067,AS-SM-39-2024-ELSE-1,ADQUISICIÓN DE FERRETERIA ELÉCTRICA PARA LOS SISTEMAS DE TRANSMISIÓN,Adjudicación Simplificada,goods,EMPRESA REGIONAL DE SERVICIOS PUBLICOS DE ELECTRICIDAD DEL SUR ESTE S.A.,249592.08,PEN,2024-08-23T12:17:00-05:00,21,CONSORCIO H,140504.6,104-2024
ocds-dgv273-seacev3-2024-2407-47,1038784,CP-SM-27-2024-ELSE-1,SUBSANACION DE DMS PROCEDIMIENTO 228 OSINERGMIN MADRE DE DIOS,Concurso Público,services,EMPRESA REGIONAL DE SERVICIOS PUBLICOS DE ELECTRICIDAD DEL SUR ESTE S.A.,0.0,PEN,2024-08-01T14:30:00-05:00,0,,,
ocds-dgv273-seacev3-2024-2407-161,1049902,LP-SM-23-2024-ELSE-1,ADQUISICIÓN DE TARJETAS ELECTRÓNICAS PARA EL CONSUMO DE ALIMENTOS DE LOS TRABAJADORES DE ELECTRO SUR ESTE S.A.A,Licitación Pública,goods,EMPRESA REGIONAL DE SERVICIOS PUBLICOS DE ELECTRICIDAD DEL SUR ESTE S.A.,1056592.38,PEN,2024-09-10T15:09:00-05:00,5,EDENRED PERU S.A.,1046100.0,114-2024
ocds-dgv273-seacev3-1050213,1050213,CP-SM-65-2024-ELSE-1,SERVICIO DE MANTENIMIENTO ESPECIALIZADO DE CAMBIADORES DE TOMA BAJO CARGA (OLTC) DE TRANSFORMADORES DE POTENCIA DE ELSE,Concurso Público,services,EMPRESA REGIONAL DE SERVICIOS PUBLICOS DE ELECTRICIDAD DEL SUR ESTE S.A.,3612646.96,PEN,2024-09-19T14:34:00-05:00,11,NAZCA ENERGY S.A.C. - NAZC - ENER S.A.C.,2442317.75,011-2025
ocds-dgv273-seacev3-2024-2407-17,1051799,LP-SM-17-2024-ELSE-1,ADQUISICIÓN DE MEDIDORES MULTIFUNCIÓN,Licitación Pública,goods,EMPRESA REGIONAL DE SERVICIOS PUBLICOS DE ELECTRICIDAD DEL SUR ESTE S.A.,819644.0,PEN,2024-09-16T15:01:00-05:00,7,CADMO SOLUCIONES SOCIEDAD ANONIMA CERRADA - CADMO SOLUCIONES S.A.C.,700920.0,
ocds-dgv273-seacev3-2024-2407-163,1055091,CP-SM-66-2024-ELSE-1,"SERVICIO DE LIMPIEZA DE FRANJA DE SERVIDUMBRE Y CORTE DE ARBOLES MT, REGION CUSCO",Concurso Público,services,EMPRESA REGIONAL DE SERVICIOS PUBLICOS DE ELECTRICIDAD DEL SUR ESTE S.A.,3468228.2,PEN,2024-09-25T15:28:00-05:00,35,ICEMA CONTRATISTAS GENERALES S.C.R.L,2583826.0,010-2025
ocds-dgv273-seacev3-2024-2407-64,1054639,CP-SM-44-2024-ELSE-1,ATENCION DE RECLAMOS DE LA GERENCIA REGIONAL MADRE DE DIOS,Concurso Público,services,EMPRESA REGIONAL DE SERVICIOS PUBLICOS DE ELECTRICIDAD DEL SUR ESTE S.A.,1032024.02,PEN,2024-09-24T15:18:00-05:00,12,CONSORCIO REDELECTRICO,798000.0,133-2024
ocds-dgv273-seacev3-2024-2407-28,1048554,CP-SM-8-2024-ELSE-1,SERVICIO DE GESTIÓN COMERCIAL CUSCO Y PARURO,Concurso Público,services,EMPRESA REGIONAL DE SERVICIOS PUBLICOS DE ELECTRICIDAD DEL SUR ESTE S.A.,4222881.34,PEN,2024-09-05T15:01:00-05:00,22,ENERGIA,3747666.37,134-2024
ocds-dgv273-seacev3-2024-2407-164,1054146,LP-SM-24-2024-ELSE-1,ADQUISICIÓN DE CAJAS PORTAMEDIDOR METÁLICAS,Licitación Pública,goods,EMPRESA REGIONAL DE SERVICIOS PUBLICOS DE ELECTRICIDAD DEL SUR ESTE S.A.,1737546.0,PEN,2024-09-23T11:59:00-05:00,17,INDUSTRIAS ANDINAS EJECUTORES SA,283386.0,130-2024
ocds-dgv273-seacev3-1073403,1073403,AS-SM-72-2024-ELSE-1,SERVICIO DE EMPASTADO DE DOCUMENTOS ADMINISTRATIVOS DE LA SEDE CUSCO DE ELECTRO SUR ESTE S.A.A.,Adjudicación Simplificada,services,EMPRESA REGIONAL DE SERVICIOS PUBLICOS DE ELECTRICIDAD DEL SUR ESTE S.A.,245850.0,PEN,2024-09-10T09:30:00-05:00,14,VARGAS LONGARAY WALTER,192000.0,131-2024
ocds-dgv273-seacev3-2024-2407-158,1048594,AS-SM-71-2024-ELSE-1,"Supervisión de Obra: Mejoramiento y ampliación el servicio de distribución de energía eléctrica en el alimentador AN04 de los sectores de Sucaraylla, Anccaraylla, Huaracco Occo, Yanayocc y Cumanaylla distrito de Andahuaylas de la provincia de Andahuaylas del departamento de Apurímac",Adjudicación Simplificada,services,EMPRESA REGIONAL DE SERVICIOS PUBLICOS DE ELECTRICIDAD DEL SUR ESTE S.A.,401423.43,PEN,2024-09-05T16:02:00-05:00,31,CHOQUE ITO ROLANDO,361281.09,116-2024
ocds-dgv273-seacev3-2024-2407-162,1052253,AS-SM-73-2024-ELSE-1,ADQUISICIÓN DE CABLE CONCENTRICO DE ALUMINIO,Adjudicación Simplificada,goods,EMPRESA REGIONAL DE SERVICIOS PUBLICOS DE ELECTRICIDAD DEL SUR ESTE S.A.,271020.0,PEN,2024-09-17T14:48:00-05:00,25,IMPORTACIONES GELCO S.A.C. - GELCO S.A.C.,228800.0,124-2024
ocds-dgv273-seacev3-2024-2407-62,1050949,CP-SM-42-2024-ELSE-1,SERVICIO DE IMPRESION DE RECIBOS,Concurso Público,services,EMPRESA REGIONAL DE SERVICIOS PUBLICOS DE ELECTRICIDAD DEL SUR ESTE S.A.,860000.0,PEN,2024-09-12T16:42:00-05:00,30,CONSORCIO REPRODATA SAC - DATACONT SAC,561000.0,125-2024
ocds-dgv273-seacev3-2024-2407-160,1049489,AS-SM-72-2024-ELSE-1,SERVICIO DE EMPASTADO DE DOCUMENTOS ADMINISTRATIVOS DE LA SEDE CUSCO DE ELECTRO SUR ESTE S.A.A.,Adjudicación Simplificada,services,EMPRESA REGIONAL DE SERVICIOS PUBLICOS DE ELECTRICIDAD DEL SUR ESTE S.A.,245850.0,PEN,2024-09-10T09:30:00-05:00,14,CUMPA LOYAGA JORGE ALBERTO,117000.0,
ocds-dgv273-seacev3-2024-2407-6,1059251,LP-SM-6-2024-ELSE-1,ADQUISICIÓN DE MATERIALES DE MEDIA Y BAJA TENSIÓN,Licitación Pública,goods,EMPRESA REGIONAL DE SERVICIOS PUBLICOS DE ELECTRICIDAD DEL SUR ESTE S.A.,2086700.17,PEN,2024-10-10T17:45:00-05:00,18,ELECTROMECANICA EL DETALLE SRL,966236.0,008-2025
ocds-dgv273-seacev3-2024-2407-166,1059665,CP-SM-67-2024-ELSE-1,SERVICIO PARA LIMPIEZA DE FRANJA DE SERVIDUMBRE EN LÍNEAS DE MT - LA CONVENCIÓN,Concurso Público,services,EMPRESA REGIONAL DE SERVICIOS PUBLICOS DE ELECTRICIDAD DEL SUR ESTE S.A.,4251012.0,PEN,2024-10-11T16:59:00-05:00,25,ENERGIA,4290420.0,060-2025
ocds-dgv273-seacev3-1086120,1086120,LP-SM-6-2024-ELSE-1,ADQUISICIÓN DE MATERIALES DE MEDIA Y BAJA TENSIÓN,Licitación Pública,goods,EMPRESA REGIONAL DE SERVICIOS PUBLICOS DE ELECTRICIDAD DEL SUR ESTE S.A.,2086700.17,PEN,2024-10-10T17:45:00-05:00,20,CONSORCIO H,117779.0,031-2025
ocds-dgv273-seacev3-2024-2407-59,1065363,CP-SM-39-2024-ELSE-1,SERVICIOS DE MEDICIÓN Y PROCESAMIENTO DE INFORMACIÓN PARA LA NTCSE Y NTCSER,Concurso Público,services,EMPRESA REGIONAL DE SERVICIOS PUBLICOS DE ELECTRICIDAD DEL SUR ESTE S.A.,2898616.0,PEN,2024-10-29T12:55:00-05:00,19,MAQUINARIAS FERRETERIA E INGENIEROS SOCIEDAD ANONIMA CERRADA - MAFER INGENIEROS S.A.C.,2174554.0,020-2025
ocds-dgv273-seacev3-2024-2407-168,1066539,AS-SM-75-2024-ELSE-1,"SERVICIO DE SEGUIMIENTO, CONTROL Y NORMALIZACIÓN DE GRANDES CLIENTES",Adjudicación Simplificada,services,EMPRESA REGIONAL DE SERVICIOS PUBLICOS DE ELECTRICIDAD DEL SUR ESTE S.A.,254772.66,PEN,2024-10-31T23:25:00-05:00,11,MAQUINARIAS FERRETERIA E INGENIEROS SOCIEDAD ANONIMA CERRADA - MAFER INGENIEROS S.A.C.,247200.0,023-2025
ocds-dgv273-seacev3-2024-2407-44,1061643,CP-SM-24-2024-ELSE-1,SERVICIO DE ATENCION AL CLIENTE FISE,Concurso Público,services,EMPRESA REGIONAL DE SERVICIOS PUBLICOS DE ELECTRICIDAD DEL SUR ESTE S.A.,2479982.0,PEN,2024-10-17T11:09:00-05:00,27,SERVICIOS MULTIPLES ARIES S.R.L.,1722456.0,002-2025
ocds-dgv273-seacev3-1062325,1062325,AS-SM-12-2024-ELSE-1,ADQUISICIÓN  DE TARJETAS DE CONSUMO NAVIDAD,Adjudicación Simplificada,goods,EMPRESA REGIONAL DE SERVICIOS PUBLICOS DE ELECTRICIDAD DEL SUR ESTE S.A.,276720.22,PEN,2024-10-18T16:14:00-05:00,3,EDENRED PERU S.A.,271200.0,128-2024
ocds-dgv273-seacev3-2024-2407-139,1064059,SIE-SIE-4-2024-ELSE-1,ADQUISICIÓN  DE COMBUSTIBLE PARA PARQUE AUTOMOTOR PARA MADRE DE DIOS,Subasta Inversa Electrónica,goods,EMPRESA REGIONAL DE SERVICIOS PUBLICOS DE ELECTRICIDAD DEL SUR ESTE S.A.,0.0,PEN,2024-10-24T14:42:00-05:00,0,,,
ocds-dgv273-seacev3-1059159,1059159,AS-SM-74-2024-ELSE-1,SERVICIO MEJORAMIENTO DE ACOMETIDAS DOMICILIARIAS LA CONVENCIÓN 2024-2025,Adjudicación Simplificada,services,EMPRESA REGIONAL DE SERVICIOS PUBLICOS DE ELECTRICIDAD DEL SUR ESTE S.A.,0.0,PEN,2024-10-10T14:41:00-05:00,17,,,
ocds-dgv273-seacev3-1083091,1083091,LP-SM-28-2024-ELSE-1,"REMODELACIÓN DE RED PRIMARIA Y RED SECUNDARIA; EN EL(LA) LOS ALIMENTADORES UR01, PI01 EN LOS DISTRITOS DE HUAYLLABAMBA Y MARAS DE LA PROVINCIA DE URUBAMBA Y EL DISTRITO DE TARAY, PROVINCIA CALCA, DEPARTAMENTO CUSCO",Licitación Pública,works,EMPRESA REGIONAL DE SERVICIOS PUBLICOS DE ELECTRICIDAD DEL SUR ESTE S.A.,3538035.45,PEN,2024-11-29T15:22:00-05:00,61,ALTICA CONSTRUCCIONES S.R.L.,3184231.91,037-2025
ocds-dgv273-seacev3-2024-2407-106,1066860,AS-SM-31-2024-ELSE-1,FUMIGACIÓN Y MANTENIMIENTO DE AGUA DE LAS INSTALACIONES DE ELSE,Adjudicación Simplificada,services,EMPRESA REGIONAL DE SERVICIOS PUBLICOS DE ELECTRICIDAD DEL SUR ESTE S.A.,189293.03,PEN,2024-11-04T11:18:00-05:00,26,FUMI EXPRESS CLER E.I.R.L.,179900.0,022-2025
ocds-dgv273-seacev3-2024-2407-51,1067217,CP-SM-31-2024-ELSE-1,SERVICIO DE MANTENIMIENTO DE ACOMETIDAS DOMICILIARIAS DIVISION VILCANOTA 2024,Concurso Público,services,EMPRESA REGIONAL DE SERVICIOS PUBLICOS DE ELECTRICIDAD DEL SUR ESTE S.A.,1572910.21,PEN,2024-11-05T11:26:00-05:00,21,CONSORCIO INMASUR,1610004.0,058-2025
ocds-dgv273-seacev3-2024-2407-11,1074285,LP-SM-11-2024-ELSE-1,"SALDO DE OBRA: RENOVACIÓN DE RED PRIMARIA, EN EL(LA) PROCEDIMIENTO 228 OSINERGMIN POR SUBSANACIÓN DE DEFICIENCIAS RED MT, EN LOS DTTOS. DE LA PROV. DE COTABAMBAS DEL DPTO. DE APURÍMAC Y EN LOS DTTOS. DE LAS PROV. DE CANAS, ACOMAYO, QUISPICANCHI, CHUMBIVILCAS, LA CONVENCIÓN, PAUCARTAMBO, ANTA Y E",Licitación Pública,works,EMPRESA REGIONAL DE SERVICIOS PUBLICOS DE ELECTRICIDAD DEL SUR ESTE S.A.,4181098.08,PEN,2024-11-27T16:25:00-05:00,29,CONSORCIO APURIMAC 2025,3762988.28,
ocds-dgv273-seacev3-2024-2407-32,1073802,CP-SM-12-2024-ELSE-1,"SERVICIO DE COMERCIALIZACION, REPARTO, LECTURA, COBRANZA Y ATENCION AL CLIENTE  ABANCAY 2025  2026",Concurso Público,services,EMPRESA REGIONAL DE SERVICIOS PUBLICOS DE ELECTRICIDAD DEL SUR ESTE S.A.,8650201.5,PEN,2024-11-26T16:05:00-05:00,18,CONCAS,4916151.18,034-2025
ocds-dgv273-seacev3-2024-2407-33,1072465,CP-SM-13-2024-ELSE-1,"SERVICIO DE COMERCIALIZACION REPARTO, LECTURA, COBRANZA Y ATENCION AL CLIENTE ANDAHUAYLAS 2025  2026",Concurso Público,services,EMPRESA REGIONAL DE SERVICIOS PUBLICOS DE ELECTRICIDAD DEL SUR ESTE S.A.,7261827.0,PEN,2024-11-21T15:18:00-05:00,20,CONCAS,4984452.82,033-2025
ocds-dgv273-seacev3-2024-2407-30,1069535,CP-SM-10-2024-ELSE-1,SERVICIO DE ATENCION DE ACTIVIDADES COMERCIALES DIVISION VILCANOTA 2025  2026,Concurso Público,services,EMPRESA REGIONAL DE SERVICIOS PUBLICOS DE ELECTRICIDAD DEL SUR ESTE S.A.,6852046.77,PEN,2024-11-12T15:17:00-05:00,23,SUPERVISOR SUR,5844347.4,028-2025
ocds-dgv273-seacev3-2024-2407-169,1068149,LP-SM-27-2024-ELSE-1,ADQUISICIÓN DE INTERRUPTORES DE POTENCIA (13.2KV) PARA LA SET ANDAHUAYLAS,Licitación Pública,goods,EMPRESA REGIONAL DE SERVICIOS PUBLICOS DE ELECTRICIDAD DEL SUR ESTE S.A.,2881600.5,PEN,2024-11-07T15:18:00-05:00,13,GRUPO ENERGIA,1771770.0,024-2025
ocds-dgv273-seacev3-2024-2407-22,1075178,AS-SM-78-2024-ELSE-1,SERVICIO DE MANTENIMIENTO DE SUBESTACIONES DE TRANSFORMACION Y SUMINISTRO DE REPUESTOS.,Adjudicación Simplificada,services,EMPRESA REGIONAL DE SERVICIOS PUBLICOS DE ELECTRICIDAD DEL SUR ESTE S.A.,7357562.38,PEN,2024-11-29T11:42:00-05:00,36,HVJ SOLUTIONS S.A.C,5975742.0,018-2025
ocds-dgv273-seacev3-2024-2407-99,1071163,AS-SM-24-2024-ELSE-1,SERVICIO DE MANTENIMIENTO DE VEHICULOS DE CARGA LIVIANA - MADRE DE DIOS,Adjudicación Simplificada,services,EMPRESA REGIONAL DE SERVICIOS PUBLICOS DE ELECTRICIDAD DEL SUR ESTE S.A.,362997.92,PEN,2024-11-18T15:29:00-05:00,6,SCA-VOL E.I.R.L.,320830.0,019-2025
ocds-dgv273-seacev3-2024-2407-94,1074745,AS-SM-19-2024-ELSE-1,SERVICIO DE MANTENIMIENTO DE VEHICULOS DE CARGA PESADA - MADRE DE DIOS,Adjudicación Simplificada,services,EMPRESA REGIONAL DE SERVICIOS PUBLICOS DE ELECTRICIDAD DEL SUR ESTE S.A.,385247.71,PEN,2024-11-28T15:12:00-05:00,7,SCA-VOL E.I.R.L.,302266.55,017-2025
ocds-dgv273-seacev3-2024-2407-170,1071629,AS-SM-77-2024-ELSE-1,ADQUISICIÓN DE CALENDARIOS DE PARED,Adjudicación Simplificada,goods,EMPRESA REGIONAL DE SERVICIOS PUBLICOS DE ELECTRICIDAD DEL SUR ESTE S.A.,80825.0,PEN,2024-11-19T16:05:00-05:00,17,DISTRIBUCION Y PRODUCCIONES TOCHITA EMPRESA INDIVIDUAL DE RESPONSABILIDAD LIMITADA - DIPROTOCHI EIRL,62890.0,016-2025
ocds-dgv273-seacev3-1070783,1070783,AS-SM-76-2024-ELSE-1,SUBSANACION DE DMS PROCEDIMIENTO 228 OSINERGMIN MADRE DE DIOS,Adjudicación Simplificada,services,EMPRESA REGIONAL DE SERVICIOS PUBLICOS DE ELECTRICIDAD DEL SUR ESTE S.A.,1494491.29,PEN,2024-11-15T11:31:00-05:00,10,J.P. CONTRATISTAS EMPRESA INDIVIDUAL DE RESPONSABILIDAD LIMITADA,1385747.5,003-2025
ocds-dgv273-seacev3-2024-2407-171,1075200,LP-SM-28-2024-ELSE-1,"REMODELACIÓN DE RED PRIMARIA Y RED SECUNDARIA; EN EL(LA) LOS ALIMENTADORES UR01, PI01 EN LOS DISTRITOS DE HUAYLLABAMBA Y MARAS DE LA PROVINCIA DE URUBAMBA Y EL DISTRITO DE TARAY, PROVINCIA CALCA, DEPARTAMENTO CUSCO",Licitación Pública,works,EMPRESA REGIONAL DE SERVICIOS PUBLICOS DE ELECTRICIDAD DEL SUR ESTE S.A.,3538035.45,PEN,2024-11-29T15:22:00-05:00,0,,,
ocds-dgv273-seacev3-2024-2407-108,1068119,AS-SM-33-2024-ELSE-1,EXAMEN MEDICO OCUPACIONAL,Adjudicación Simplificada,services,EMPRESA REGIONAL DE SERVICIOS PUBLICOS DE ELECTRICIDAD DEL SUR ESTE S.A.,109976.53,PEN,2024-11-07T14:43:00-05:00,0,,,
ocds-dgv273-seacev3-2024-2407-178,1083626,LP-SM-31-2024-ELSE-1,AMPLIACIÓN DEL SERVICIO DE SUMINISTRO ELÉCTRICO DOMICILIARIO EN ZONAS RURALES EN 5 UNIDADES PRODUCTORAS 5 DISTRITOS DE 4 PROVINCIAS DEL DEPARTAMENTO DE CUSCO,Licitación Pública,works,EMPRESA REGIONAL DE SERVICIOS PUBLICOS DE ELECTRICIDAD DEL SUR ESTE S.A.,6450688.82,PEN,2024-12-27T10:40:00-05:00,63,CONSORCIO EJECUTORES,5805619.94,055-2025
ocds-dgv273-seacev3-2024-2407-35,1080797,CP-SM-15-2024-ELSE-1,SERVICIO DE ATENCION DE AVERIAS 2025-2026 ABANCAY,Concurso Público,services,EMPRESA REGIONAL DE SERVICIOS PUBLICOS DE ELECTRICIDAD DEL SUR ESTE S.A.,6428675.8,PEN,2024-12-18T12:05:00-05:00,21,PROCIEL S.R.LTDA,6964788.06,054-2025
ocds-dgv273-seacev3-2024-2407-39,1082835,CP-SM-19-2024-ELSE-1,SERVICIO DE LIMPIEZA DE FRANJA DE SERVIDUMBRE Y TALA DE ARBOLES EN LA GERENCIA REGIONAL DE MADRE DE DIOS,Concurso Público,services,EMPRESA REGIONAL DE SERVICIOS PUBLICOS DE ELECTRICIDAD DEL SUR ESTE S.A.,5167580.0,PEN,2024-12-26T12:10:00-05:00,36,PROCIEL S.R.LTDA,3619220.0,052-2025
ocds-dgv273-seacev3-2024-2407-177,1084108,CP-SM-71-2024-ELSE-1,SERVICIO DE INVENTARIO DE DOCUMENTOS ARCHIVÍSTICOS CUSCO,Concurso Público,services,EMPRESA REGIONAL DE SERVICIOS PUBLICOS DE ELECTRICIDAD DEL SUR ESTE S.A.,790796.16,PEN,2024-12-27T18:12:00-05:00,30,GESTION DOCUMENTAL CERESP S.A.C.,688814.28,057-2025
ocds-dgv273-seacev3-2024-2407-48,1077069,CP-SM-28-2024-ELSE-1,MANTENIMIENTO DE ACOMETIDAS DE LA GERENCIA REGIONAL MADRE DE DIOS.,Concurso Público,services,EMPRESA REGIONAL DE SERVICIOS PUBLICOS DE ELECTRICIDAD DEL SUR ESTE S.A.,1347208.47,PEN,2024-12-05T10:00:00-05:00,25,CONSORCIO REDELECTRICO,875870.0,043-2025
ocds-dgv273-seacev3-2024-2407-40,1083598,CP-SM-20-2024-ELSE-1,SERVICIO DE MANTENIMIENTO 2025 - 2026 ANDAHUAYLAS,Concurso Público,services,EMPRESA REGIONAL DE SERVICIOS PUBLICOS DE ELECTRICIDAD DEL SUR ESTE S.A.,5735507.06,PEN,2024-12-27T09:42:00-05:00,22,CONSTRUCTION & MAINT.ENGINEERING S.A.C.,5385735.0,046-2025
ocds-dgv273-seacev3-2024-2407-42,1080835,CP-SM-22-2024-ELSE-1,SERVICIO DE ATENCION DE AVERIAS 2025-2026 ANDAHUAYLAS,Concurso Público,services,EMPRESA REGIONAL DE SERVICIOS PUBLICOS DE ELECTRICIDAD DEL SUR ESTE S.A.,4565410.68,PEN,2024-12-18T12:54:00-05:00,21,CONSTRUCTION & MAINT.ENGINEERING S.A.C.,3389904.0,045-2025
ocds-dgv273-seacev3-2024-2407-31,1082852,CP-SM-11-2024-ELSE-1,SERVICIO DE MANTENIMIENTO 2025 2026 ABANCAY,Concurso Público,services,EMPRESA REGIONAL DE SERVICIOS PUBLICOS DE ELECTRICIDAD DEL SUR ESTE S.A.,7922881.34,PEN,2024-12-26T12:48:00-05:00,22,CONSORCIO TELPERU,7308172.0,044-2025
ocds-dgv273-seacev3-2024-2407-52,1079780,CP-SM-32-2024-ELSE-1,SERVICIO DE EJECUCIÓN DE SANEAMIENTO DE ACOMETIDA APURÍMAC 2024,Concurso Público,services,EMPRESA REGIONAL DE SERVICIOS PUBLICOS DE ELECTRICIDAD DEL SUR ESTE S.A.,1316635.64,PEN,2024-12-16T15:55:00-05:00,18,MARONS ELECTRIC E.I.R.L.,1444607.4,040-2025
ocds-dgv273-seacev3-2024-2407-109,1075730,CP-SM-68-2024-ELSE-1,SERVICIO DE INSPECCION TERMOGRÁFICA,Concurso Público,services,EMPRESA REGIONAL DE SERVICIOS PUBLICOS DE ELECTRICIDAD DEL SUR ESTE S.A.,942110.0,PEN,2024-12-03T10:03:00-05:00,26,LJE CONTRATISTAS GENERALES EMPRESA INDIVIDUAL DE RESPONSABILIDAD LIMITADA,799922.0,036-2025
ocds-dgv273-seacev3-2024-2407-122,1083214,CP-SM-74-2024-ELSE-1,SERVICIO DE RENOVACION DE LOS SPAT,Concurso Público,services,EMPRESA REGIONAL DE SERVICIOS PUBLICOS DE ELECTRICIDAD DEL SUR ESTE S.A.,950662.4,PEN,2024-12-26T22:37:00-05:00,35,PROCIEL S.R.LTDA,445898.6,
ocds-dgv273-seacev3-1089084,1089084,CP-SM-52-2024-ELSE-1,SERVICIO DE PINTADO DE TUBERÍAS DE PRESIÓN DE LAS CENTRALES HIDROELÉCTRICAS,Concurso Público,services,EMPRESA REGIONAL DE SERVICIOS PUBLICOS DE ELECTRICIDAD DEL SUR ESTE S.A.,1443946.75,PEN,2024-12-05T12:50:00-05:00,49,,,
ocds-dgv273-seacev3-2024-2407-174,1080981,CP-SM-70-2024-ELSE-1,SERVICIO DE RED PRIVADA DE DATOS,Concurso Público,services,EMPRESA REGIONAL DE SERVICIOS PUBLICOS DE ELECTRICIDAD DEL SUR ESTE S.A.,5461620.72,PEN,2024-12-18T16:31:00-05:00,12,INTERNET PERU CABLE SOCIEDAD COMERCIAL DE RESPONSABILIDAD LIMITADA-INPECABLE S.R.L.,5377777.0,035-2025
ocds-dgv273-seacev3-2024-2407-53,1081598,CP-SM-33-2024-ELSE-1,SUPERVISION DE PROCESOS DE MANTENIMIENTO Y OPERACIONES APURIMAC 2025- 2026,Concurso Público,services,EMPRESA REGIONAL DE SERVICIOS PUBLICOS DE ELECTRICIDAD DEL SUR ESTE S.A.,1145431.92,PEN,2024-12-19T17:38:00-05:00,29,CONSORCIO ENERGY,988250.57,
ocds-dgv273-seacev3-2024-2407-24,1083981,CP-SM-4-2024-ELSE-1,SERVICIOS COMERCIALES LA CONVENCIÓN 2024 -2025,Concurso Público,services,EMPRESA REGIONAL DE SERVICIOS PUBLICOS DE ELECTRICIDAD DEL SUR ESTE S.A.,7662333.65,PEN,2024-12-27T15:28:00-05:00,24,CONSORCIO SAR,7440414.0,
ocds-dgv273-seacev3-1081010,1081010,AS-SM-79-2024-ELSE-1,SERVICIO DE MESA DE AYUDA DEL SIELSE,Adjudicación Simplificada,services,EMPRESA REGIONAL DE SERVICIOS PUBLICOS DE ELECTRICIDAD DEL SUR ESTE S.A.,866392.9,PEN,2024-12-18T17:53:00-05:00,16,JORDAN ROJAS ARTURO,718000.0,032-2025
ocds-dgv273-seacev3-1086464,1086464,LP-SM-30-2024-ELSE-1,"REMODELACIÓN DE RED PRIMARIA Y RED SECUNDARIA; EN EL(LA) LOS ALIMENTADORES CO-02, CO-05, SI-01, SI-03 DE LOS DISTRITOS DE SAN PABLO Y SICUANI DE LA PROVINCIA DE CANCHIS Y EL DISTRITO DE CUSIPATA, PROVINCIA QUISPICANCHI, DEPARTAMENTO CUSCO",Licitación Pública,works,EMPRESA REGIONAL DE SERVICIOS PUBLICOS DE ELECTRICIDAD DEL SUR ESTE S.A.,9860501.48,PEN,2024-12-17T10:27:00-05:00,49,COCO INGENIEROS CONSULTORES Y CONTRATISTAS GENERALES SOCIEDAD ANONIMA CERRADA,8874451.35,
ocds-dgv273-seacev3-1086143,1086143,LP-SM-7-2024-ELSE-1,"CONSTRUCCIÓN DE LÍNEA PRIMARIA; RENOVACIÓN DE RED PRIMARIA; EN EL(LA) LOS ALIMENTADORES CP03 Y AN04 CON INTERCONEXIÓN DESDE QUEROBAMBA HASTA PALLCCA EN LA PROVINCIA DE SUCRE DEPARTAMENTO DE AYACUCHO Y LA PROVINCIA DE ANDAHUAYLAS, DISTRITO DE SORAYA, PROVINCIA AYMARAES, DEPARTAMENTO APURÍMAC",Licitación Pública,works,EMPRESA REGIONAL DE SERVICIOS PUBLICOS DE ELECTRICIDAD DEL SUR ESTE S.A.,11986965.95,PEN,2024-12-12T11:33:00-05:00,0,,,
ocds-dgv273-seacev3-2024-2407-179,1083761,CP-SM-75-2024-ELSE-1,SUPERVISIÓN DE OBRA: AMPLIACIÓN DEL SERVICIO DE SUMINISTRO ELÉCTRICO DOMICILIARIO EN ZONAS RURALES EN 5 UNIDADES PRODUCTORAS 5 DISTRITOS DE 4 PROVINCIAS DEL DEPARTAMENTO DE CUSCO,Concurso Público,services,EMPRESA REGIONAL DE SERVICIOS PUBLICOS DE ELECTRICIDAD DEL SUR ESTE S.A.,583139.92,PEN,2024-12-27T12:05:00-05:00,0,,,
ocds-dgv273-seacev3-2024-2407-180,1083807,CP-SM-76-2024-ELSE-1,"SUPERVISION DE OBRA ¿REMODELACIÓN DE RED PRIMARIA Y RED SECUNDARIA; EN EL(LA) LOS ALIMENTADORES UR01, PI01 EN LOS DISTRITOS DE HUAYLLABAMBA Y MARAS DE LA PROVINCIA DE URUBAMBA Y EL DISTRITO DE TARAY, PROVINCIA CALCA, DEPARTAMENTO CUSCO",Concurso Público,services,EMPRESA REGIONAL DE SERVICIOS PUBLICOS DE ELECTRICIDAD DEL SUR ESTE S.A.,514669.72,PEN,2024-12-27T12:33:00-05:00,0,,,
ocds-dgv273-seacev3-2024-2407-176,1083844,CP-SM-73-2024-ELSE-1,"SUPERVISIÓN DE LA OBRA: ¿CONSTRUCCIÓN DE LÍNEA PRIMARIA; RENOVACIÓN DE RED PRIMARIA; EN EL(LA) LOS ALIMENTADORES CP03 Y AN04 CON INTERCONEXIÓN DESDE QUEROBAMBA HASTA PALLCCA EN LA PROVINCIA DE SUCRE DEPARTAMENTO DE AYACUCHO Y LA PROVINCIA DE ANDAHUAYLAS, DISTRITO DE SORAYA, PROVINCIA AYMARAES, DEPARTAMENTO APURÍMAC",Concurso Público,services,EMPRESA REGIONAL DE SERVICIOS PUBLICOS DE ELECTRICIDAD DEL SUR ESTE S.A.,499592.66,PEN,2024-12-27T14:30:00-05:00,0,,,
ocds-dgv273-seacev3-2024-2407-175,1083046,CP-SM-72-2024-ELSE-1,"CONSULTORÍA SUPERVISIÓN DE OBRA: ¿REMODELACIÓN DE RED PRIMARIA Y RED SECUNDARIA; EN EL(LA) LOS ALIMENTADORES CO-02, CO-05, SI-01, SI-03 DE LOS DISTRITOS DE SAN PABLO Y SICUANI DE LA PROVINCIA DE CANCHIS Y EL DISTRITO DE CUSIPATA, PROVINCIA QUISPICANCHI, DEPARTAMENTO CUSCO",Concurso Público,services,EMPRESA REGIONAL DE SERVICIOS PUBLICOS DE ELECTRICIDAD DEL SUR ESTE S.A.,515925.78,PEN,2024-12-26T16:14:00-05:00,0,,,
ocds-dgv273-seacev3-2024-2407-72,1077187,CP-SM-52-2024-ELSE-1,SERVICIO DE PINTADO DE TUBERÍAS DE PRESIÓN DE LAS CENTRALES HIDROELÉCTRICAS,Concurso Público,services,EMPRESA REGIONAL DE SERVICIOS PUBLICOS DE ELECTRICIDAD DEL SUR ESTE S.A.,1443946.75,PEN,2024-12-05T12:50:00-05:00,0,,,
ocds-dgv273-seacev3-2024-2407-70,1078915,CP-SM-50-2024-ELSE-1,SERVICIO DE ATENCION DE SISTEMAS FOTOVOLTAICOS DOMICILIARIOS REGION CUSCO  2025 - 2026,Concurso Público,services,EMPRESA REGIONAL DE SERVICIOS PUBLICOS DE ELECTRICIDAD DEL SUR ESTE S.A.,2635512.0,PEN,2024-12-12T17:24:00-05:00,29,,,
ocds-dgv273-seacev3-2024-2407-58,1080919,CP-SM-38-2024-ELSE-1,SUPERVISION DE PROCESOS COMERCIALES APURIMAC 2025-2026,Concurso Público,services,EMPRESA REGIONAL DE SERVICIOS PUBLICOS DE ELECTRICIDAD DEL SUR ESTE S.A.,997554.0,PEN,2024-12-18T14:59:00-05:00,28,,,
ocds-dgv273-seacev3-2024-2407-36,1083106,CP-SM-16-2024-ELSE-1,SERVICIO TECNICO COMERCIAL ANDAHUAYLAS 2025 - 2026,Concurso Público,services,EMPRESA REGIONAL DE SERVICIOS PUBLICOS DE ELECTRICIDAD DEL SUR ESTE S.A.,5588434.25,PEN,2024-12-26T16:51:00-05:00,0,,,
ocds-dgv273-seacev3-2024-2407-121,1079303,CP-SM-69-2024-ELSE-1,SERVICIO DE LEVANTAMIENTO DE DEFICIENCIAS MT PROCEDIMIENTO 228 - CUSCO SECTORES,Concurso Público,services,EMPRESA REGIONAL DE SERVICIOS PUBLICOS DE ELECTRICIDAD DEL SUR ESTE S.A.,7715187.07,PEN,2024-12-13T15:18:00-05:00,0,,,
ocds-dgv273-seacev3-2024-2407-37,1083179,CP-SM-17-2024-ELSE-1,SERVICIO TECNICO COMERCIAL ABANCAY 2025 - 2026,Concurso Público,services,EMPRESA REGIONAL DE SERVICIOS PUBLICOS DE ELECTRICIDAD DEL SUR ESTE S.A.,4429466.43,PEN,2024-12-26T17:40:00-05:00,0,,,
ocds-dgv273-seacev3-2024-2407-173,1080048,LP-SM-30-2024-ELSE-1,"REMODELACIÓN DE RED PRIMARIA Y RED SECUNDARIA; EN EL(LA) LOS ALIMENTADORES CO-02, CO-05, SI-01, SI-03 DE LOS DISTRITOS DE SAN PABLO Y SICUANI DE LA PROVINCIA DE CANCHIS Y EL DISTRITO DE CUSIPATA, PROVINCIA QUISPICANCHI, DEPARTAMENTO CUSCO",Licitación Pública,works,EMPRESA REGIONAL DE SERVICIOS PUBLICOS DE ELECTRICIDAD DEL SUR ESTE S.A.,9860793.59,PEN,2024-12-17T10:27:00-05:00,0,,,
ocds-dgv273-seacev3-2024-2407-7,1078708,LP-SM-7-2024-ELSE-1,"CONSTRUCCIÓN DE LÍNEA PRIMARIA; RENOVACIÓN DE RED PRIMARIA; EN EL(LA) LOS ALIMENTADORES CP03 Y AN04 CON INTERCONEXIÓN DESDE QUEROBAMBA HASTA PALLCCA EN LA PROVINCIA DE SUCRE DEPARTAMENTO DE AYACUCHO Y LA PROVINCIA DE ANDAHUAYLAS, DISTRITO DE SORAYA, PROVINCIA AYMARAES, DEPARTAMENTO APURÍMAC",Licitación Pública,works,EMPRESA REGIONAL DE SERVICIOS PUBLICOS DE ELECTRICIDAD DEL SUR ESTE S.A.,11986965.95,PEN,2024-12-12T11:33:00-05:00,0,,,
ocds-dgv273-seacev3-1079321,1079321,AS-SM-69-2024-ELSE-2,ADQUISICIÓN  DE COMBUSTIBLE PARA GENERACION MEDIANTE GRUPOS ELECTROGENOS,Adjudicación Simplificada,goods,EMPRESA REGIONAL DE SERVICIOS PUBLICOS DE ELECTRICIDAD DEL SUR ESTE S.A.,162065.7,PEN,2024-12-13T16:44:00-05:00,8,,,
ocds-dgv273-seacev3-1077226,1077226,SIE-SIE-4-2024-ELSE-2,ADQUISICIÓN  DE COMBUSTIBLE PARA PARQUE AUTOMOTOR PARA MADRE DE DIOS,Subasta Inversa Electrónica,goods,EMPRESA REGIONAL DE SERVICIOS PUBLICOS DE ELECTRICIDAD DEL SUR ESTE S.A.,315950.0,PEN,2024-12-05T14:53:00-05:00,0,,,
ocds-dgv273-seacev3-2024-2407-105,1076336,AS-SM-30-2024-ELSE-1,SERVICIO DE MANTENIMIENTO DE GRUPOS MÓVILES DE EMERGENCIA,Adjudicación Simplificada,services,EMPRESA REGIONAL DE SERVICIOS PUBLICOS DE ELECTRICIDAD DEL SUR ESTE S.A.,468316.67,PEN,2024-12-03T16:48:00-05:00,10,,,
