OCID,NOMENCLATURA,DESCRIPCION,TIPO_PROCEDIMIENTO,CATEGORIA,ENTIDAD,RUC_ENTIDAD,DEPARTAMENTO,VALOR_REFERENCIAL,MONEDA,FECHA_PUBLICACION,NUM_POSTORES,GANADOR,RUC_GANADOR,MONTO_ADJUDICADO,CONTRATO_NUM,CONTRATO_MONTO,CONTRATO_INICIO,CONTRATO_FIN,NUM_DOCUMENTOS,PERIODO
ocds-dgv273-seacev3-2024-2407-178,LP-SM-31-2024-ELSE-1,AMPLIACIÓN DEL SERVICIO DE SUMINISTRO ELÉCTRICO DOMICILIARIO EN ZONAS RURALES EN 5 UNIDADES PRODUCTORAS 5 DISTRITOS DE 4 PROVINCIAS DEL DEPARTAMENTO DE CUSCO,Licitación Pública,works,EMPRESA REGIONAL DE SERVICIOS PUBLICOS DE ELECTRICIDAD DEL SUR ESTE S.A.,20116544289,CUSCO,6450688.82,PEN,2024-12-27T10:40:00-05:00,63,CONSORCIO EJECUTORES,1644159,5805619.94,055-2025,5805619.94,2025-04-02T00:00:00-05:00,2026-03-27T00:00:00-05:00,10,2024-12
ocds-dgv273-seacev3-2024-2407-35,CP-SM-15-2024-ELSE-1,SERVICIO DE ATENCION DE AVERIAS 2025-2026 ABANCAY,Concurso Público,services,EMPRESA REGIONAL DE SERVICIOS PUBLICOS DE ELECTRICIDAD DEL SUR ESTE S.A.,20116544289,CUSCO,6428675.8,PEN,2024-12-18T12:05:00-05:00,21,PROCIEL S.R.LTDA,20399954682,6964788.06,054-2025,6964788.06,2025-03-27T00:00:00-05:00,2027-03-26T00:00:00-05:00,8,2024-12
ocds-dgv273-seacev3-2024-2407-39,CP-SM-19-2024-ELSE-1,SERVICIO DE LIMPIEZA DE FRANJA DE SERVIDUMBRE Y TALA DE ARBOLES EN LA GERENCIA REGIONAL DE MADRE DE DIOS,Concurso Público,services,EMPRESA REGIONAL DE SERVICIOS PUBLICOS DE ELECTRICIDAD DEL SUR ESTE S.A.,20116544289,CUSCO,5167580.0,PEN,2024-12-26T12:10:00-05:00,36,PROCIEL S.R.LTDA,20399954682,3619220.0,052-2025,3619220.0,2025-03-26T00:00:00-05:00,2027-03-25T00:00:00-05:00,8,2024-12
ocds-dgv273-seacev3-2024-2407-177,CP-SM-71-2024-ELSE-1,SERVICIO DE INVENTARIO DE DOCUMENTOS ARCHIVÍSTICOS CUSCO,Concurso Público,services,EMPRESA REGIONAL DE SERVICIOS PUBLICOS DE ELECTRICIDAD DEL SUR ESTE S.A.,20116544289,CUSCO,790796.16,PEN,2024-12-27T18:12:00-05:00,30,GESTION DOCUMENTAL CERESP S.A.C.,20602560351,688814.28,057-2025,688814.28,2025-04-07T00:00:00-05:00,2026-05-30T00:00:00-05:00,8,2024-12
ocds-dgv273-seacev3-2024-2407-48,CP-SM-28-2024-ELSE-1,MANTENIMIENTO DE ACOMETIDAS DE LA GERENCIA REGIONAL MADRE DE DIOS.,Concurso Público,services,EMPRESA REGIONAL DE SERVICIOS PUBLICOS DE ELECTRICIDAD DEL SUR ESTE S.A.,20116544289,CUSCO,1347208.47,PEN,2024-12-05T10:00:00-05:00,25,CONSORCIO REDELECTRICO,1638287,875870.0,043-2025,875870.0,2025-03-19T00:00:00-05:00,2025-12-13T00:00:00-05:00,9,2024-12
ocds-dgv273-seacev3-2024-2407-40,CP-SM-20-2024-ELSE-1,SERVICIO DE MANTENIMIENTO 2025 - 2026 ANDAHUAYLAS,Concurso Público,services,EMPRESA REGIONAL DE SERVICIOS PUBLICOS DE ELECTRICIDAD DEL SUR ESTE S.A.,20116544289,CUSCO,5735507.06,PEN,2024-12-27T09:42:00-05:00,22,CONSTRUCTION & MAINT.ENGINEERING S.A.C.,20386255866,5385735.0,046-2025,5385735.0,2025-03-21T00:00:00-05:00,2027-03-20T00:00:00-05:00,8,2024-12
ocds-dgv273-seacev3-2024-2407-42,CP-SM-22-2024-ELSE-1,SERVICIO DE ATENCION DE AVERIAS 2025-2026 ANDAHUAYLAS,Concurso Público,services,EMPRESA REGIONAL DE SERVICIOS PUBLICOS DE ELECTRICIDAD DEL SUR ESTE S.A.,20116544289,CUSCO,4565410.68,PEN,2024-12-18T12:54:00-05:00,21,CONSTRUCTION & MAINT.ENGINEERING S.A.C.,20386255866,3389904.0,045-2025,3389904.0,2025-03-20T00:00:00-05:00,2027-03-19T00:00:00-05:00,8,2024-12
ocds-dgv273-seacev3-2024-2407-31,CP-SM-11-2024-ELSE-1,SERVICIO DE MANTENIMIENTO 2025 2026 ABANCAY,Concurso Público,services,EMPRESA REGIONAL DE SERVICIOS PUBLICOS DE ELECTRICIDAD DEL SUR ESTE S.A.,20116544289,CUSCO,7922881.34,PEN,2024-12-26T12:48:00-05:00,22,CONSORCIO TELPERU,1641728,7308172.0,044-2025,7308172.0,2025-03-19T00:00:00-05:00,2027-03-19T00:00:00-05:00,10,2024-12
ocds-dgv273-seacev3-2024-2407-52,CP-SM-32-2024-ELSE-1,SERVICIO DE EJECUCIÓN DE SANEAMIENTO DE ACOMETIDA APURÍMAC 2024,Concurso Público,services,EMPRESA REGIONAL DE SERVICIOS PUBLICOS DE ELECTRICIDAD DEL SUR ESTE S.A.,20116544289,CUSCO,1316635.64,PEN,2024-12-16T15:55:00-05:00,18,MARONS ELECTRIC E.I.R.L.,20605391436,1444607.4,040-2025,1444607.4,2025-03-15T00:00:00-05:00,2025-11-10T00:00:00-05:00,8,2024-12
ocds-dgv273-seacev3-2024-2407-109,CP-SM-68-2024-ELSE-1,SERVICIO DE INSPECCION TERMOGRÁFICA,Concurso Público,services,EMPRESA REGIONAL DE SERVICIOS PUBLICOS DE ELECTRICIDAD DEL SUR ESTE S.A.,20116544289,CUSCO,942110.0,PEN,2024-12-03T10:03:00-05:00,26,LJE CONTRATISTAS GENERALES EMPRESA INDIVIDUAL DE RESPONSABILIDAD LIMITADA,20608415964,799922.0,036-2025,799922.0,2025-03-05T00:00:00-05:00,2027-03-05T00:00:00-05:00,8,2024-12
ocds-dgv273-seacev3-2024-2407-122,CP-SM-74-2024-ELSE-1,SERVICIO DE RENOVACION DE LOS SPAT,Concurso Público,services,EMPRESA REGIONAL DE SERVICIOS PUBLICOS DE ELECTRICIDAD DEL SUR ESTE S.A.,20116544289,CUSCO,950662.4,PEN,2024-12-26T22:37:00-05:00,35,PROCIEL S.R.LTDA,20399954682,445898.6,,,,,7,2024-12
ocds-dgv273-seacev3-1089084,CP-SM-52-2024-ELSE-1,SERVICIO DE PINTADO DE TUBERÍAS DE PRESIÓN DE LAS CENTRALES HIDROELÉCTRICAS,Concurso Público,services,EMPRESA REGIONAL DE SERVICIOS PUBLICOS DE ELECTRICIDAD DEL SUR ESTE S.A.,20116544289,CUSCO,1443946.75,PEN,2024-12-05T12:50:00-05:00,49,,,,,,,,7,2024-12
ocds-dgv273-seacev3-2024-2407-174,CP-SM-70-2024-ELSE-1,SERVICIO DE RED PRIVADA DE DATOS,Concurso Público,services,EMPRESA REGIONAL DE SERVICIOS PUBLICOS DE ELECTRICIDAD DEL SUR ESTE S.A.,20116544289,CUSCO,5461620.72,PEN,2024-12-18T16:31:00-05:00,12,INTERNET PERU CABLE SOCIEDAD COMERCIAL DE RESPONSABILIDAD LIMITADA-INPECABLE S.R.L.,20564428478,5377777.0,035-2025,5377777.0,2025-03-04T00:00:00-05:00,2027-02-03T00:00:00-05:00,8,2024-12
ocds-dgv273-seacev3-2024-2407-53,CP-SM-33-2024-ELSE-1,SUPERVISION DE PROCESOS DE MANTENIMIENTO Y OPERACIONES APURIMAC 2025- 2026,Concurso Público,services,EMPRESA REGIONAL DE SERVICIOS PUBLICOS DE ELECTRICIDAD DEL SUR ESTE S.A.,20116544289,CUSCO,1145431.92,PEN,2024-12-19T17:38:00-05:00,29,CONSORCIO ENERGY,1641232,988250.57,,,,,7,2024-12
ocds-dgv273-seacev3-2024-2407-24,CP-SM-4-2024-ELSE-1,SERVICIOS COMERCIALES LA CONVENCIÓN 2024 -2025,Concurso Público,services,EMPRESA REGIONAL DE SERVICIOS PUBLICOS DE ELECTRICIDAD DEL SUR ESTE S.A.,20116544289,CUSCO,7662333.65,PEN,2024-12-27T15:28:00-05:00,24,CONSORCIO SAR,1643383,7440414.0,,,,,7,2024-12
ocds-dgv273-seacev3-1081010,AS-SM-79-2024-ELSE-1,SERVICIO DE MESA DE AYUDA DEL SIELSE,Adjudicación Simplificada,services,EMPRESA REGIONAL DE SERVICIOS PUBLICOS DE ELECTRICIDAD DEL SUR ESTE S.A.,20116544289,CUSCO,866392.9,PEN,2024-12-18T17:53:00-05:00,16,JORDAN ROJAS ARTURO,10462905942,718000.0,032-2025,718000.0,2025-02-20T00:00:00-05:00,2027-04-21T00:00:00-05:00,9,2024-12
ocds-dgv273-seacev3-1086464,LP-SM-30-2024-ELSE-1,"REMODELACIÓN DE RED PRIMARIA Y RED SECUNDARIA; EN EL(LA) LOS ALIMENTADORES CO-02, CO-05, SI-01, SI-03 DE LOS DISTRITOS DE SAN PABLO Y SICUANI DE LA PROVINCIA DE CANCHIS Y EL DISTRITO DE CUSIPATA, PROVINCIA QUISPICANCHI, DEPARTAMENTO CUSCO",Licitación Pública,works,EMPRESA REGIONAL DE SERVICIOS PUBLICOS DE ELECTRICIDAD DEL SUR ESTE S.A.,20116544289,CUSCO,9860501.48,PEN,2024-12-17T10:27:00-05:00,49,COCO INGENIEROS CONSULTORES Y CONTRATISTAS GENERALES SOCIEDAD ANONIMA CERRADA,20447932882,8874451.35,,,,,7,2024-12
ocds-dgv273-seacev3-1086143,LP-SM-7-2024-ELSE-1,"CONSTRUCCIÓN DE LÍNEA PRIMARIA; RENOVACIÓN DE RED PRIMARIA; EN EL(LA) LOS ALIMENTADORES CP03 Y AN04 CON INTERCONEXIÓN DESDE QUEROBAMBA HASTA PALLCCA EN LA PROVINCIA DE SUCRE DEPARTAMENTO DE AYACUCHO Y LA PROVINCIA DE ANDAHUAYLAS, DISTRITO DE SORAYA, PROVINCIA AYMARAES, DEPARTAMENTO APURÍMAC",Licitación Pública,works,EMPRESA REGIONAL DE SERVICIOS PUBLICOS DE ELECTRICIDAD DEL SUR ESTE S.A.,20116544289,CUSCO,11986965.95,PEN,2024-12-12T11:33:00-05:00,0,,,,,,,,4,2024-12
ocds-dgv273-seacev3-2024-2407-179,CP-SM-75-2024-ELSE-1,SUPERVISIÓN DE OBRA: AMPLIACIÓN DEL SERVICIO DE SUMINISTRO ELÉCTRICO DOMICILIARIO EN ZONAS RURALES EN 5 UNIDADES PRODUCTORAS 5 DISTRITOS DE 4 PROVINCIAS DEL DEPARTAMENTO DE CUSCO,Concurso Público,services,EMPRESA REGIONAL DE SERVICIOS PUBLICOS DE ELECTRICIDAD DEL SUR ESTE S.A.,20116544289,CUSCO,583139.92,PEN,2024-12-27T12:05:00-05:00,0,,,,,,,,4,2024-12
ocds-dgv273-seacev3-2024-2407-180,CP-SM-76-2024-ELSE-1,"SUPERVISION DE OBRA ¿REMODELACIÓN DE RED PRIMARIA Y RED SECUNDARIA; EN EL(LA) LOS ALIMENTADORES UR01, PI01 EN LOS DISTRITOS DE HUAYLLABAMBA Y MARAS DE LA PROVINCIA DE URUBAMBA Y EL DISTRITO DE TARAY, PROVINCIA CALCA, DEPARTAMENTO CUSCO",Concurso Público,services,EMPRESA REGIONAL DE SERVICIOS PUBLICOS DE ELECTRICIDAD DEL SUR ESTE S.A.,20116544289,CUSCO,514669.72,PEN,2024-12-27T12:33:00-05:00,0,,,,,,,,4,2024-12
ocds-dgv273-seacev3-2024-2407-176,CP-SM-73-2024-ELSE-1,"SUPERVISIÓN DE LA OBRA: ¿CONSTRUCCIÓN DE LÍNEA PRIMARIA; RENOVACIÓN DE RED PRIMARIA; EN EL(LA) LOS ALIMENTADORES CP03 Y AN04 CON INTERCONEXIÓN DESDE QUEROBAMBA HASTA PALLCCA EN LA PROVINCIA DE SUCRE DEPARTAMENTO DE AYACUCHO Y LA PROVINCIA DE ANDAHUAYLAS, DISTRITO DE SORAYA, PROVINCIA AYMARAES, DEPARTAMENTO APURÍMAC",Concurso Público,services,EMPRESA REGIONAL DE SERVICIOS PUBLICOS DE ELECTRICIDAD DEL SUR ESTE S.A.,20116544289,CUSCO,499592.66,PEN,2024-12-27T14:30:00-05:00,0,,,,,,,,4,2024-12
ocds-dgv273-seacev3-2024-2407-175,CP-SM-72-2024-ELSE-1,"CONSULTORÍA SUPERVISIÓN DE OBRA: ¿REMODELACIÓN DE RED PRIMARIA Y RED SECUNDARIA; EN EL(LA) LOS ALIMENTADORES CO-02, CO-05, SI-01, SI-03 DE LOS DISTRITOS DE SAN PABLO Y SICUANI DE LA PROVINCIA DE CANCHIS Y EL DISTRITO DE CUSIPATA, PROVINCIA QUISPICANCHI, DEPARTAMENTO CUSCO",Concurso Público,services,EMPRESA REGIONAL DE SERVICIOS PUBLICOS DE ELECTRICIDAD DEL SUR ESTE S.A.,20116544289,CUSCO,515925.78,PEN,2024-12-26T16:14:00-05:00,0,,,,,,,,4,2024-12
ocds-dgv273-seacev3-2024-2407-72,CP-SM-52-2024-ELSE-1,SERVICIO DE PINTADO DE TUBERÍAS DE PRESIÓN DE LAS CENTRALES HIDROELÉCTRICAS,Concurso Público,services,EMPRESA REGIONAL DE SERVICIOS PUBLICOS DE ELECTRICIDAD DEL SUR ESTE S.A.,20116544289,CUSCO,1443946.75,PEN,2024-12-05T12:50:00-05:00,0,,,,,,,,4,2024-12
ocds-dgv273-seacev3-2024-2407-70,CP-SM-50-2024-ELSE-1,SERVICIO DE ATENCION DE SISTEMAS FOTOVOLTAICOS DOMICILIARIOS REGION CUSCO  2025 - 2026,Concurso Público,services,EMPRESA REGIONAL DE SERVICIOS PUBLICOS DE ELECTRICIDAD DEL SUR ESTE S.A.,20116544289,CUSCO,2635512.0,PEN,2024-12-12T17:24:00-05:00,29,,,,,,,,7,2024-12
ocds-dgv273-seacev3-2024-2407-58,CP-SM-38-2024-ELSE-1,SUPERVISION DE PROCESOS COMERCIALES APURIMAC 2025-2026,Concurso Público,services,EMPRESA REGIONAL DE SERVICIOS PUBLICOS DE ELECTRICIDAD DEL SUR ESTE S.A.,20116544289,CUSCO,997554.0,PEN,2024-12-18T14:59:00-05:00,28,,,,,,,,7,2024-12
ocds-dgv273-seacev3-2024-2407-36,CP-SM-16-2024-ELSE-1,SERVICIO TECNICO COMERCIAL ANDAHUAYLAS 2025 - 2026,Concurso Público,services,EMPRESA REGIONAL DE SERVICIOS PUBLICOS DE ELECTRICIDAD DEL SUR ESTE S.A.,20116544289,CUSCO,5588434.25,PEN,2024-12-26T16:51:00-05:00,0,,,,,,,,4,2024-12
ocds-dgv273-seacev3-2024-2407-121,CP-SM-69-2024-ELSE-1,SERVICIO DE LEVANTAMIENTO DE DEFICIENCIAS MT PROCEDIMIENTO 228 - CUSCO SECTORES,Concurso Público,services,EMPRESA REGIONAL DE SERVICIOS PUBLICOS DE ELECTRICIDAD DEL SUR ESTE S.A.,20116544289,CUSCO,7715187.07,PEN,2024-12-13T15:18:00-05:00,0,,,,,,,,4,2024-12
ocds-dgv273-seacev3-2024-2407-37,CP-SM-17-2024-ELSE-1,SERVICIO TECNICO COMERCIAL ABANCAY 2025 - 2026,Concurso Público,services,EMPRESA REGIONAL DE SERVICIOS PUBLICOS DE ELECTRICIDAD DEL SUR ESTE S.A.,20116544289,CUSCO,4429466.43,PEN,2024-12-26T17:40:00-05:00,0,,,,,,,,2,2024-12
ocds-dgv273-seacev3-2024-2407-173,LP-SM-30-2024-ELSE-1,"REMODELACIÓN DE RED PRIMARIA Y RED SECUNDARIA; EN EL(LA) LOS ALIMENTADORES CO-02, CO-05, SI-01, SI-03 DE LOS DISTRITOS DE SAN PABLO Y SICUANI DE LA PROVINCIA DE CANCHIS Y EL DISTRITO DE CUSIPATA, PROVINCIA QUISPICANCHI, DEPARTAMENTO CUSCO",Licitación Pública,works,EMPRESA REGIONAL DE SERVICIOS PUBLICOS DE ELECTRICIDAD DEL SUR ESTE S.A.,20116544289,CUSCO,9860793.59,PEN,2024-12-17T10:27:00-05:00,0,,,,,,,,2,2024-12
ocds-dgv273-seacev3-2024-2407-7,LP-SM-7-2024-ELSE-1,"CONSTRUCCIÓN DE LÍNEA PRIMARIA; RENOVACIÓN DE RED PRIMARIA; EN EL(LA) LOS ALIMENTADORES CP03 Y AN04 CON INTERCONEXIÓN DESDE QUEROBAMBA HASTA PALLCCA EN LA PROVINCIA DE SUCRE DEPARTAMENTO DE AYACUCHO Y LA PROVINCIA DE ANDAHUAYLAS, DISTRITO DE SORAYA, PROVINCIA AYMARAES, DEPARTAMENTO APURÍMAC",Licitación Pública,works,EMPRESA REGIONAL DE SERVICIOS PUBLICOS DE ELECTRICIDAD DEL SUR ESTE S.A.,20116544289,CUSCO,11986965.95,PEN,2024-12-12T11:33:00-05:00,0,,,,,,,,2,2024-12
ocds-dgv273-seacev3-1079321,AS-SM-69-2024-ELSE-2,ADQUISICIÓN  DE COMBUSTIBLE PARA GENERACION MEDIANTE GRUPOS ELECTROGENOS,Adjudicación Simplificada,goods,EMPRESA REGIONAL DE SERVICIOS PUBLICOS DE ELECTRICIDAD DEL SUR ESTE S.A.,20116544289,CUSCO,162065.7,PEN,2024-12-13T16:44:00-05:00,8,,,,,,,,8,2024-12
ocds-dgv273-seacev3-1077226,SIE-SIE-4-2024-ELSE-2,ADQUISICIÓN  DE COMBUSTIBLE PARA PARQUE AUTOMOTOR PARA MADRE DE DIOS,Subasta Inversa Electrónica,goods,EMPRESA REGIONAL DE SERVICIOS PUBLICOS DE ELECTRICIDAD DEL SUR ESTE S.A.,20116544289,CUSCO,315950.0,PEN,2024-12-05T14:53:00-05:00,0,,,,,,,,3,2024-12
ocds-dgv273-seacev3-2024-2407-105,AS-SM-30-2024-ELSE-1,SERVICIO DE MANTENIMIENTO DE GRUPOS MÓVILES DE EMERGENCIA,Adjudicación Simplificada,services,EMPRESA REGIONAL DE SERVICIOS PUBLICOS DE ELECTRICIDAD DEL SUR ESTE S.A.,20116544289,CUSCO,468316.67,PEN,2024-12-03T16:48:00-05:00,10,,,,,,,,7,2024-12
ocds-dgv273-seacev3-1083091,LP-SM-28-2024-ELSE-1,"REMODELACIÓN DE RED PRIMARIA Y RED SECUNDARIA; EN EL(LA) LOS ALIMENTADORES UR01, PI01 EN LOS DISTRITOS DE HUAYLLABAMBA Y MARAS DE LA PROVINCIA DE URUBAMBA Y EL DISTRITO DE TARAY, PROVINCIA CALCA, DEPARTAMENTO CUSCO",Licitación Pública,works,EMPRESA REGIONAL DE SERVICIOS PUBLICOS DE ELECTRICIDAD DEL SUR ESTE S.A.,20116544289,CUSCO,3538035.45,PEN,2024-11-29T15:22:00-05:00,61,ALTICA CONSTRUCCIONES S.R.L.,20601016347,3184231.91,037-2025,3184231.91,2025-03-06T00:00:00-05:00,2025-12-31T00:00:00-05:00,10,2024-11
ocds-dgv273-seacev3-2024-2407-106,AS-SM-31-2024-ELSE-1,FUMIGACIÓN Y MANTENIMIENTO DE AGUA DE LAS INSTALACIONES DE ELSE,Adjudicación Simplificada,services,EMPRESA REGIONAL DE SERVICIOS PUBLICOS DE ELECTRICIDAD DEL SUR ESTE S.A.,20116544289,CUSCO,189293.03,PEN,2024-11-04T11:18:00-05:00,26,FUMI EXPRESS CLER E.I.R.L.,20602354092,179900.0,022-2025,179900.0,2025-03-05T00:00:00-05:00,2027-03-04T00:00:00-05:00,10,2024-11
ocds-dgv273-seacev3-2024-2407-51,CP-SM-31-2024-ELSE-1,SERVICIO DE MANTENIMIENTO DE ACOMETIDAS DOMICILIARIAS DIVISION VILCANOTA 2024,Concurso Público,services,EMPRESA REGIONAL DE SERVICIOS PUBLICOS DE ELECTRICIDAD DEL SUR ESTE S.A.,20116544289,CUSCO,1572910.21,PEN,2024-11-05T11:26:00-05:00,21,CONSORCIO INMASUR,1628218,1610004.0,058-2025,1558260.0,2025-04-11T00:00:00-05:00,2026-03-10T00:00:00-05:00,10,2024-11
ocds-dgv273-seacev3-2024-2407-11,LP-SM-11-2024-ELSE-1,"SALDO DE OBRA: RENOVACIÓN DE RED PRIMARIA, EN EL(LA) PROCEDIMIENTO 228 OSINERGMIN POR SUBSANACIÓN DE DEFICIENCIAS RED MT, EN LOS DTTOS. DE LA PROV. DE COTABAMBAS DEL DPTO. DE APURÍMAC Y EN LOS DTTOS. DE LAS PROV. DE CANAS, ACOMAYO, QUISPICANCHI, CHUMBIVILCAS, LA CONVENCIÓN, PAUCARTAMBO, ANTA Y E",Licitación Pública,works,EMPRESA REGIONAL DE SERVICIOS PUBLICOS DE ELECTRICIDAD DEL SUR ESTE S.A.,20116544289,CUSCO,4181098.08,PEN,2024-11-27T16:25:00-05:00,29,CONSORCIO APURIMAC 2025,1634550,3762988.28,,,,,7,2024-11
ocds-dgv273-seacev3-2024-2407-32,CP-SM-12-2024-ELSE-1,"SERVICIO DE COMERCIALIZACION, REPARTO, LECTURA, COBRANZA Y ATENCION AL CLIENTE  ABANCAY 2025  2026",Concurso Público,services,EMPRESA REGIONAL DE SERVICIOS PUBLICOS DE ELECTRICIDAD DEL SUR ESTE S.A.,20116544289,CUSCO,8650201.5,PEN,2024-11-26T16:05:00-05:00,18,CONCAS,1634841,4916151.18,034-2025,4916151.18,2025-02-28T00:00:00-05:00,2027-02-27T00:00:00-05:00,9,2024-11
ocds-dgv273-seacev3-2024-2407-33,CP-SM-13-2024-ELSE-1,"SERVICIO DE COMERCIALIZACION REPARTO, LECTURA, COBRANZA Y ATENCION AL CLIENTE ANDAHUAYLAS 2025  2026",Concurso Público,services,EMPRESA REGIONAL DE SERVICIOS PUBLICOS DE ELECTRICIDAD DEL SUR ESTE S.A.,20116544289,CUSCO,7261827.0,PEN,2024-11-21T15:18:00-05:00,20,CONCAS,1633192,4984452.82,033-2025,4984452.82,2025-02-22T00:00:00-05:00,2027-02-22T00:00:00-05:00,9,2024-11
ocds-dgv273-seacev3-2024-2407-30,CP-SM-10-2024-ELSE-1,SERVICIO DE ATENCION DE ACTIVIDADES COMERCIALES DIVISION VILCANOTA 2025  2026,Concurso Público,services,EMPRESA REGIONAL DE SERVICIOS PUBLICOS DE ELECTRICIDAD DEL SUR ESTE S.A.,20116544289,CUSCO,6852046.77,PEN,2024-11-12T15:17:00-05:00,23,SUPERVISOR SUR,1631519,5844347.4,028-2025,5844347.4,2025-02-08T00:00:00-05:00,2027-02-07T00:00:00-05:00,10,2024-11
ocds-dgv273-seacev3-2024-2407-169,LP-SM-27-2024-ELSE-1,ADQUISICIÓN DE INTERRUPTORES DE POTENCIA (13.2KV) PARA LA SET ANDAHUAYLAS,Licitación Pública,goods,EMPRESA REGIONAL DE SERVICIOS PUBLICOS DE ELECTRICIDAD DEL SUR ESTE S.A.,20116544289,CUSCO,2881600.5,PEN,2024-11-07T15:18:00-05:00,13,GRUPO ENERGIA,1626979,1771770.0,024-2025,1771770.0,2025-02-05T00:00:00-05:00,2026-03-11T00:00:00-05:00,10,2024-11
ocds-dgv273-seacev3-2024-2407-22,AS-SM-78-2024-ELSE-1,SERVICIO DE MANTENIMIENTO DE SUBESTACIONES DE TRANSFORMACION Y SUMINISTRO DE REPUESTOS.,Adjudicación Simplificada,services,EMPRESA REGIONAL DE SERVICIOS PUBLICOS DE ELECTRICIDAD DEL SUR ESTE S.A.,20116544289,CUSCO,7357562.38,PEN,2024-11-29T11:42:00-05:00,36,HVJ SOLUTIONS S.A.C,20545163986,5975742.0,018-2025,5714642.0,2025-01-28T00:00:00-05:00,2027-07-17T00:00:00-05:00,16,2024-11
ocds-dgv273-seacev3-2024-2407-99,AS-SM-24-2024-ELSE-1,SERVICIO DE MANTENIMIENTO DE VEHICULOS DE CARGA LIVIANA - MADRE DE DIOS,Adjudicación Simplificada,services,EMPRESA REGIONAL DE SERVICIOS PUBLICOS DE ELECTRICIDAD DEL SUR ESTE S.A.,20116544289,CUSCO,362997.92,PEN,2024-11-18T15:29:00-05:00,6,SCA-VOL E.I.R.L.,20470674564,320830.0,019-2025,320830.0,2025-01-29T00:00:00-05:00,2027-01-29T00:00:00-05:00,9,2024-11
ocds-dgv273-seacev3-2024-2407-94,AS-SM-19-2024-ELSE-1,SERVICIO DE MANTENIMIENTO DE VEHICULOS DE CARGA PESADA - MADRE DE DIOS,Adjudicación Simplificada,services,EMPRESA REGIONAL DE SERVICIOS PUBLICOS DE ELECTRICIDAD DEL SUR ESTE S.A.,20116544289,CUSCO,385247.71,PEN,2024-11-28T15:12:00-05:00,7,SCA-VOL E.I.R.L.,20470674564,302266.55,017-2025,302266.55,2025-01-24T00:00:00-05:00,2027-01-24T00:00:00-05:00,9,2024-11
ocds-dgv273-seacev3-2024-2407-170,AS-SM-77-2024-ELSE-1,ADQUISICIÓN DE CALENDARIOS DE PARED,Adjudicación Simplificada,goods,EMPRESA REGIONAL DE SERVICIOS PUBLICOS DE ELECTRICIDAD DEL SUR ESTE S.A.,20116544289,CUSCO,80825.0,PEN,2024-11-19T16:05:00-05:00,17,DISTRIBUCION Y PRODUCCIONES TOCHITA EMPRESA INDIVIDUAL DE RESPONSABILIDAD LIMITADA - DIPROTOCHI EIRL,20490273540,62890.0,016-2025,62890.0,2025-01-24T00:00:00-05:00,2025-02-14T00:00:00-05:00,9,2024-11
ocds-dgv273-seacev3-1070783,AS-SM-76-2024-ELSE-1,SUBSANACION DE DMS PROCEDIMIENTO 228 OSINERGMIN MADRE DE DIOS,Adjudicación Simplificada,services,EMPRESA REGIONAL DE SERVICIOS PUBLICOS DE ELECTRICIDAD DEL SUR ESTE S.A.,20116544289,CUSCO,1494491.29,PEN,2024-11-15T11:31:00-05:00,10,J.P. CONTRATISTAS EMPRESA INDIVIDUAL DE RESPONSABILIDAD LIMITADA,20542849267,1385747.5,003-2025,1385747.5,2025-01-08T00:00:00-05:00,2026-01-08T00:00:00-05:00,9,2024-11
ocds-dgv273-seacev3-2024-2407-171,LP-SM-28-2024-ELSE-1,"REMODELACIÓN DE RED PRIMARIA Y RED SECUNDARIA; EN EL(LA) LOS ALIMENTADORES UR01, PI01 EN LOS DISTRITOS DE HUAYLLABAMBA Y MARAS DE LA PROVINCIA DE URUBAMBA Y EL DISTRITO DE TARAY, PROVINCIA CALCA, DEPARTAMENTO CUSCO",Licitación Pública,works,EMPRESA REGIONAL DE SERVICIOS PUBLICOS DE ELECTRICIDAD DEL SUR ESTE S.A.,20116544289,CUSCO,3538035.45,PEN,2024-11-29T15:22:00-05:00,0,,,,,,,,2,2024-11
ocds-dgv273-seacev3-2024-2407-108,AS-SM-33-2024-ELSE-1,EXAMEN MEDICO OCUPACIONAL,Adjudicación Simplificada,services,EMPRESA REGIONAL DE SERVICIOS PUBLICOS DE ELECTRICIDAD DEL SUR ESTE S.A.,20116544289,CUSCO,109976.53,PEN,2024-11-07T14:43:00-05:00,0,,,,,,,,4,2024-11
ocds-dgv273-seacev3-2024-2407-6,LP-SM-6-2024-ELSE-1,ADQUISICIÓN DE MATERIALES DE MEDIA Y BAJA TENSIÓN,Licitación Pública,goods,EMPRESA REGIONAL DE SERVICIOS PUBLICOS DE ELECTRICIDAD DEL SUR ESTE S.A.,20116544289,CUSCO,2086700.17,PEN,2024-10-10T17:45:00-05:00,18,ELECTROMECANICA EL DETALLE SRL,20200162723,966236.0,008-2025,95178.0,2025-01-10T00:00:00-05:00,2025-07-09T00:00:00-05:00,14,2024-10
ocds-dgv273-seacev3-2024-2407-166,CP-SM-67-2024-ELSE-1,SERVICIO PARA LIMPIEZA DE FRANJA DE SERVIDUMBRE EN LÍNEAS DE MT - LA CONVENCIÓN,Concurso Público,services,EMPRESA REGIONAL DE SERVICIOS PUBLICOS DE ELECTRICIDAD DEL SUR ESTE S.A.,20116544289,CUSCO,4251012.0,PEN,2024-10-11T16:59:00-05:00,25,ENERGIA,1612633,4290420.0,060-2025,4290420.0,2025-04-26T00:00:00-05:00,2027-04-25T00:00:00-05:00,12,2024-10
ocds-dgv273-seacev3-1086120,LP-SM-6-2024-ELSE-1,ADQUISICIÓN DE MATERIALES DE MEDIA Y BAJA TENSIÓN,Licitación Pública,goods,EMPRESA REGIONAL DE SERVICIOS PUBLICOS DE ELECTRICIDAD DEL SUR ESTE S.A.,20116544289,CUSCO,2086700.17,PEN,2024-10-10T17:45:00-05:00,20,CONSORCIO H,1637049,117779.0,031-2025,117779.0,2025-02-15T00:00:00-05:00,2025-08-15T00:00:00-05:00,9,2024-10
ocds-dgv273-seacev3-2024-2407-59,CP-SM-39-2024-ELSE-1,SERVICIOS DE MEDICIÓN Y PROCESAMIENTO DE INFORMACIÓN PARA LA NTCSE Y NTCSER,Concurso Público,services,EMPRESA REGIONAL DE SERVICIOS PUBLICOS DE ELECTRICIDAD DEL SUR ESTE S.A.,20116544289,CUSCO,2898616.0,PEN,2024-10-29T12:55:00-05:00,19,MAQUINARIAS FERRETERIA E INGENIEROS SOCIEDAD ANONIMA CERRADA - MAFER INGENIEROS S.A.C.,20490069420,2174554.0,020-2025,2174554.0,2025-01-29T00:00:00-05:00,2027-02-19T00:00:00-05:00,8,2024-10
ocds-dgv273-seacev3-2024-2407-168,AS-SM-75-2024-ELSE-1,"SERVICIO DE SEGUIMIENTO, CONTROL Y NORMALIZACIÓN DE GRANDES CLIENTES",Adjudicación Simplificada,services,EMPRESA REGIONAL DE SERVICIOS PUBLICOS DE ELECTRICIDAD DEL SUR ESTE S.A.,20116544289,CUSCO,254772.66,PEN,2024-10-31T23:25:00-05:00,11,MAQUINARIAS FERRETERIA E INGENIEROS SOCIEDAD ANONIMA CERRADA - MAFER INGENIEROS S.A.C.,20490069420,247200.0,023-2025,247200.0,2025-02-01T00:00:00-05:00,2026-01-31T00:00:00-05:00,10,2024-10
ocds-dgv273-seacev3-2024-2407-44,CP-SM-24-2024-ELSE-1,SERVICIO DE ATENCION AL CLIENTE FISE,Concurso Público,services,EMPRESA REGIONAL DE SERVICIOS PUBLICOS DE ELECTRICIDAD DEL SUR ESTE S.A.,20116544289,CUSCO,2479982.0,PEN,2024-10-17T11:09:00-05:00,27,SERVICIOS MULTIPLES ARIES S.R.L.,20528168231,1722456.0,002-2025,1722456.0,2025-01-07T00:00:00-05:00,2026-07-11T00:00:00-05:00,8,2024-10
ocds-dgv273-seacev3-1062325,AS-SM-12-2024-ELSE-1,ADQUISICIÓN  DE TARJETAS DE CONSUMO NAVIDAD,Adjudicación Simplificada,goods,EMPRESA REGIONAL DE SERVICIOS PUBLICOS DE ELECTRICIDAD DEL SUR ESTE S.A.,20116544289,CUSCO,276720.22,PEN,2024-10-18T16:14:00-05:00,3,EDENRED PERU S.A.,20507634479,271200.0,128-2024,271200.0,2024-12-12T00:00:00-05:00,2024-12-20T00:00:00-05:00,9,2024-10
ocds-dgv273-seacev3-2024-2407-139,SIE-SIE-4-2024-ELSE-1,ADQUISICIÓN  DE COMBUSTIBLE PARA PARQUE AUTOMOTOR PARA MADRE DE DIOS,Subasta Inversa Electrónica,goods,EMPRESA REGIONAL DE SERVICIOS PUBLICOS DE ELECTRICIDAD DEL SUR ESTE S.A.,20116544289,CUSCO,0.0,PEN,2024-10-24T14:42:00-05:00,0,,,,,,,,2,2024-10
ocds-dgv273-seacev3-1059159,AS-SM-74-2024-ELSE-1,SERVICIO MEJORAMIENTO DE ACOMETIDAS DOMICILIARIAS LA CONVENCIÓN 2024-2025,Adjudicación Simplificada,services,EMPRESA REGIONAL DE SERVICIOS PUBLICOS DE ELECTRICIDAD DEL SUR ESTE S.A.,20116544289,CUSCO,0.0,PEN,2024-10-10T14:41:00-05:00,17,,,,,,,,8,2024-10
ocds-dgv273-seacev3-2024-2407-161,LP-SM-23-2024-ELSE-1,ADQUISICIÓN DE TARJETAS ELECTRÓNICAS PARA EL CONSUMO DE ALIMENTOS DE LOS TRABAJADORES DE ELECTRO SUR ESTE S.A.A,Licitación Pública,goods,EMPRESA REGIONAL DE SERVICIOS PUBLICOS DE ELECTRICIDAD DEL SUR ESTE S.A.,20116544289,CUSCO,1056592.38,PEN,2024-09-10T15:09:00-05:00,5,EDENRED PERU S.A.,20507634479,1046100.0,114-2024,1046100.0,2024-11-13T00:00:00-05:00,2025-11-12T00:00:00-05:00,11,2024-09
ocds-dgv273-seacev3-1050213,CP-SM-65-2024-ELSE-1,SERVICIO DE MANTENIMIENTO ESPECIALIZADO DE CAMBIADORES DE TOMA BAJO CARGA (OLTC) DE TRANSFORMADORES DE POTENCIA DE ELSE,Concurso Público,services,EMPRESA REGIONAL DE SERVICIOS PUBLICOS DE ELECTRICIDAD DEL SUR ESTE S.A.,20116544289,CUSCO,3612646.96,PEN,2024-09-19T14:34:00-05:00,11,NAZCA ENERGY S.A.C. - NAZC - ENER S.A.C.,20604526265,2442317.75,011-2025,2442317.75,2025-01-15T00:00:00-05:00,2026-02-18T00:00:00-05:00,10,2024-09
ocds-dgv273-seacev3-2024-2407-17,LP-SM-17-2024-ELSE-1,ADQUISICIÓN DE MEDIDORES MULTIFUNCIÓN,Licitación Pública,goods,EMPRESA REGIONAL DE SERVICIOS PUBLICOS DE ELECTRICIDAD DEL SUR ESTE S.A.,20116544289,CUSCO,819644.0,PEN,2024-09-16T15:01:00-05:00,7,CADMO SOLUCIONES SOCIEDAD ANONIMA CERRADA - CADMO SOLUCIONES S.A.C.,20600240316,700920.0,,,,,9,2024-09
ocds-dgv273-seacev3-2024-2407-163,CP-SM-66-2024-ELSE-1,"SERVICIO DE LIMPIEZA DE FRANJA DE SERVIDUMBRE Y CORTE DE ARBOLES MT, REGION CUSCO",Concurso Público,services,EMPRESA REGIONAL DE SERVICIOS PUBLICOS DE ELECTRICIDAD DEL SUR ESTE S.A.,20116544289,CUSCO,3468228.2,PEN,2024-09-25T15:28:00-05:00,35,ICEMA CONTRATISTAS GENERALES S.C.R.L,20527180822,2583826.0,010-2025,2583826.0,2025-01-11T00:00:00-05:00,2027-01-10T00:00:00-05:00,8,2024-09
ocds-dgv273-seacev3-2024-2407-64,CP-SM-44-2024-ELSE-1,ATENCION DE RECLAMOS DE LA GERENCIA REGIONAL MADRE DE DIOS,Concurso Público,services,EMPRESA REGIONAL DE SERVICIOS PUBLICOS DE ELECTRICIDAD DEL SUR ESTE S.A.,20116544289,CUSCO,1032024.02,PEN,2024-09-24T15:18:00-05:00,12,CONSORCIO REDELECTRICO,1602241,798000.0,133-2024,798000.0,2024-12-20T00:00:00-05:00,2026-12-20T00:00:00-05:00,9,2024-09
ocds-dgv273-seacev3-2024-2407-28,CP-SM-8-2024-ELSE-1,SERVICIO DE GESTIÓN COMERCIAL CUSCO Y PARURO,Concurso Público,services,EMPRESA REGIONAL DE SERVICIOS PUBLICOS DE ELECTRICIDAD DEL SUR ESTE S.A.,20116544289,CUSCO,4222881.34,PEN,2024-09-05T15:01:00-05:00,22,ENERGIA,1608633,3747666.37,134-2024,3747666.37,2024-12-20T00:00:00-05:00,2026-12-20T00:00:00-05:00,11,2024-09
ocds-dgv273-seacev3-2024-2407-164,LP-SM-24-2024-ELSE-1,ADQUISICIÓN DE CAJAS PORTAMEDIDOR METÁLICAS,Licitación Pública,goods,EMPRESA REGIONAL DE SERVICIOS PUBLICOS DE ELECTRICIDAD DEL SUR ESTE S.A.,20116544289,CUSCO,1737546.0,PEN,2024-09-23T11:59:00-05:00,17,INDUSTRIAS ANDINAS EJECUTORES SA,20262406114,283386.0,130-2024,984489.0,2024-12-13T00:00:00-05:00,2026-04-22T00:00:00-05:00,11,2024-09
ocds-dgv273-seacev3-1073403,AS-SM-72-2024-ELSE-1,SERVICIO DE EMPASTADO DE DOCUMENTOS ADMINISTRATIVOS DE LA SEDE CUSCO DE ELECTRO SUR ESTE S.A.A.,Adjudicación Simplificada,services,EMPRESA REGIONAL DE SERVICIOS PUBLICOS DE ELECTRICIDAD DEL SUR ESTE S.A.,20116544289,CUSCO,245850.0,PEN,2024-09-10T09:30:00-05:00,14,VARGAS LONGARAY WALTER,10238069691,192000.0,131-2024,192000.0,2024-12-14T00:00:00-05:00,2025-12-13T00:00:00-05:00,8,2024-09
ocds-dgv273-seacev3-2024-2407-158,AS-SM-71-2024-ELSE-1,"Supervisión de Obra: Mejoramiento y ampliación el servicio de distribución de energía eléctrica en el alimentador AN04 de los sectores de Sucaraylla, Anccaraylla, Huaracco Occo, Yanayocc y Cumanaylla distrito de Andahuaylas de la provincia de Andahuaylas del departamento de Apurímac",Adjudicación Simplificada,services,EMPRESA REGIONAL DE SERVICIOS PUBLICOS DE ELECTRICIDAD DEL SUR ESTE S.A.,20116544289,CUSCO,401423.43,PEN,2024-09-05T16:02:00-05:00,31,CHOQUE ITO ROLANDO,10422904056,361281.09,116-2024,361281.09,2024-11-14T00:00:00-05:00,2025-07-12T00:00:00-05:00,12,2024-09
ocds-dgv273-seacev3-2024-2407-162,AS-SM-73-2024-ELSE-1,ADQUISICIÓN DE CABLE CONCENTRICO DE ALUMINIO,Adjudicación Simplificada,goods,EMPRESA REGIONAL DE SERVICIOS PUBLICOS DE ELECTRICIDAD DEL SUR ESTE S.A.,20116544289,CUSCO,271020.0,PEN,2024-09-17T14:48:00-05:00,25,IMPORTACIONES GELCO S.A.C. - GELCO S.A.C.,20390932864,228800.0,124-2024,228800.0,2024-11-28T00:00:00-05:00,2024-12-27T00:00:00-05:00,11,2024-09
ocds-dgv273-seacev3-2024-2407-62,CP-SM-42-2024-ELSE-1,SERVICIO DE IMPRESION DE RECIBOS,Concurso Público,services,EMPRESA REGIONAL DE SERVICIOS PUBLICOS DE ELECTRICIDAD DEL SUR ESTE S.A.,20116544289,CUSCO,860000.0,PEN,2024-09-12T16:42:00-05:00,30,CONSORCIO REPRODATA SAC - DATACONT SAC,1595899,561000.0,125-2024,561000.0,2024-11-28T00:00:00-05:00,2026-11-27T00:00:00-05:00,10,2024-09
ocds-dgv273-seacev3-2024-2407-160,AS-SM-72-2024-ELSE-1,SERVICIO DE EMPASTADO DE DOCUMENTOS ADMINISTRATIVOS DE LA SEDE CUSCO DE ELECTRO SUR ESTE S.A.A.,Adjudicación Simplificada,services,EMPRESA REGIONAL DE SERVICIOS PUBLICOS DE ELECTRICIDAD DEL SUR ESTE S.A.,20116544289,CUSCO,245850.0,PEN,2024-09-10T09:30:00-05:00,14,CUMPA LOYAGA JORGE ALBERTO,10164121611,117000.0,,,,,7,2024-09
ocds-dgv273-seacev3-2024-2407-20,AS-SM-70-2024-ELSE-1,ADQUISICIÓN DE ROPA DE TRABAJO,Adjudicación Simplificada,goods,EMPRESA REGIONAL DE SERVICIOS PUBLICOS DE ELECTRICIDAD DEL SUR ESTE S.A.,20116544289,CUSCO,283695.63,PEN,2024-08-14T15:32:00-05:00,24,CONSORCIO SAN JOSE,1569449,37044.0,098-2024,37044.0,2024-09-26T00:00:00-05:00,2024-12-26T00:00:00-05:00,14,2024-08
ocds-dgv273-seacev3-2024-2407-16,LP-SM-16-2024-ELSE-1,ADQUISICIÓN DE CLÚSTER DE RED PRIVADA,Licitación Pública,goods,EMPRESA REGIONAL DE SERVICIOS PUBLICOS DE ELECTRICIDAD DEL SUR ESTE S.A.,20116544289,CUSCO,3331533.33,PEN,2024-08-22T15:47:00-05:00,2,CONSORCIO INGRAM MICRO S.A.C. ¿ INFRAESTRUCTURA EN TELECOMUNICACIONES Y SERVICIOS INTEGRALES S.A.C.,1590209,2993285.16,113-2024,2993285.16,2024-11-05T00:00:00-05:00,2025-02-03T00:00:00-05:00,11,2024-08
ocds-dgv273-seacev3-2024-2407-90,AS-SM-15-2024-ELSE-1,SERVICIO DE LIMPIEZA Y FUMIGACIÓN DE AMBIENTES Y LOCALES DE LA GERENCIA REGIONAL MADRE DE DIOS,Adjudicación Simplificada,services,EMPRESA REGIONAL DE SERVICIOS PUBLICOS DE ELECTRICIDAD DEL SUR ESTE S.A.,20116544289,CUSCO,416466.39,PEN,2024-08-23T15:49:00-05:00,34,MIRAVAL SERVICIOS GENERALES S.R.L.,20611239671,398624.79,105-2024,398624.79,2024-10-12T00:00:00-05:00,2026-10-12T00:00:00-05:00,9,2024-08
ocds-dgv273-seacev3-2024-2407-23,CP-SM-3-2024-ELSE-1,SERVICIO DE ACTIVIDADES TÉCNICO COMERCIALES CUSCO Y PARURO,Concurso Público,services,EMPRESA REGIONAL DE SERVICIOS PUBLICOS DE ELECTRICIDAD DEL SUR ESTE S.A.,20116544289,CUSCO,9827484.34,PEN,2024-08-28T15:54:00-05:00,19,ENERGIA,1608615,8177552.11,001-2025,8177552.11,2025-01-07T00:00:00-05:00,2027-01-06T00:00:00-05:00,11,2024-08
ocds-dgv273-seacev3-2024-2407-61,CP-SM-41-2024-ELSE-1,SERVICIO DE GESTIÓN DEL CONSUMO DE ALUMBRADO PÚBLICO CUSCO,Concurso Público,services,EMPRESA REGIONAL DE SERVICIOS PUBLICOS DE ELECTRICIDAD DEL SUR ESTE S.A.,20116544289,CUSCO,1319507.52,PEN,2024-08-28T14:50:00-05:00,20,ESTRATEGIAS EN CONSTRUCCIONES PERU INKA S.A.C.,20533170812,1119597.6,127-2024,1119597.6,2024-11-30T00:00:00-05:00,2026-11-30T00:00:00-05:00,9,2024-08
ocds-dgv273-seacev3-2024-2407-156,CP-SM-63-2024-ELSE-1,Servicio de centros de atención Región Cusco 2024 -2025.,Concurso Público,services,EMPRESA REGIONAL DE SERVICIOS PUBLICOS DE ELECTRICIDAD DEL SUR ESTE S.A.,20116544289,CUSCO,4475098.44,PEN,2024-08-19T11:47:00-05:00,20,CONCAS,1587464,4494480.0,119-2024,419760.0,2024-11-22T00:00:00-05:00,2026-11-21T00:00:00-05:00,21,2024-08
ocds-dgv273-seacev3-2024-2407-132,AS-SM-57-2024-ELSE-1,SERVICIO DE MONITOREO SATELITAL GPS Y TRANSMISIÓN DE DATOS,Adjudicación Simplificada,services,EMPRESA REGIONAL DE SERVICIOS PUBLICOS DE ELECTRICIDAD DEL SUR ESTE S.A.,20116544289,CUSCO,76051.28,PEN,2024-08-20T11:31:00-05:00,17,COMPAÑIA DE TELECOMUNICACIONES TELREDSAT SOCIEDAD ANONIMA CERRADA - TELREDSAT S.A.C.,20520524836,56232.0,126-2024,56232.0,2024-12-21T00:00:00-05:00,2026-12-21T00:00:00-05:00,10,2024-08
ocds-dgv273-seacev3-1067280,CP-SM-46-2024-ELSE-1,SERVICIO DE MESA DE AYUDA DEL SIELSE,Concurso Público,services,EMPRESA REGIONAL DE SERVICIOS PUBLICOS DE ELECTRICIDAD DEL SUR ESTE S.A.,20116544289,CUSCO,866392.9,PEN,2024-08-16T09:25:00-05:00,9,,,,,,,,7,2024-08
ocds-dgv273-seacev3-2024-2407-66,CP-SM-46-2024-ELSE-1,SERVICIO DE MESA DE AYUDA DEL SIELSE,Concurso Público,services,EMPRESA REGIONAL DE SERVICIOS PUBLICOS DE ELECTRICIDAD DEL SUR ESTE S.A.,20116544289,CUSCO,866392.9,PEN,2024-08-16T09:25:00-05:00,9,SINFP E.I.R.L.,20563849445,745000.0,,,,,7,2024-08
ocds-dgv273-seacev3-2024-2407-88,AS-SM-13-2024-ELSE-1,"SUPERVISION DE OBRA: CREACION DE ALMACEN DE ELECTRO SUR ESTE QORIMARCA EN EL SECTOR DE CHINCHERO, DISTRITO DE CHINCHERO, PROVINCIA DE URUBAMBA, DEPARTAMENTO DE CUSCO",Adjudicación Simplificada,services,EMPRESA REGIONAL DE SERVICIOS PUBLICOS DE ELECTRICIDAD DEL SUR ESTE S.A.,20116544289,CUSCO,359825.8,PEN,2024-08-29T15:01:00-05:00,22,ALANOCA ARAGON BERNARDO,10251808967,323843.22,112-2024,323843.22,2024-10-26T00:00:00-05:00,2025-08-21T00:00:00-05:00,8,2024-08
ocds-dgv273-seacev3-1056752,CP-SM-27-2024-ELSE-1,SUBSANACION DE DMS PROCEDIMIENTO 228 OSINERGMIN MADRE DE DIOS,Concurso Público,services,EMPRESA REGIONAL DE SERVICIOS PUBLICOS DE ELECTRICIDAD DEL SUR ESTE S.A.,20116544289,CUSCO,1494491.29,PEN,2024-08-01T14:30:00-05:00,21,,,,,,,,7,2024-08
ocds-dgv273-seacev3-2024-2407-114,AS-SM-39-2024-ELSE-1,ADQUISICIÓN DE FERRETERIA ELÉCTRICA PARA LOS SISTEMAS DE TRANSMISIÓN,Adjudicación Simplificada,goods,EMPRESA REGIONAL DE SERVICIOS PUBLICOS DE ELECTRICIDAD DEL SUR ESTE S.A.,20116544289,CUSCO,249592.08,PEN,2024-08-23T12:17:00-05:00,21,CONSORCIO H,1577415,140504.6,104-2024,140504.6,2024-10-10T00:00:00-05:00,2025-01-17T00:00:00-05:00,10,2024-08
ocds-dgv273-seacev3-2024-2407-47,CP-SM-27-2024-ELSE-1,SUBSANACION DE DMS PROCEDIMIENTO 228 OSINERGMIN MADRE DE DIOS,Concurso Público,services,EMPRESA REGIONAL DE SERVICIOS PUBLICOS DE ELECTRICIDAD DEL SUR ESTE S.A.,20116544289,CUSCO,0.0,PEN,2024-08-01T14:30:00-05:00,0,,,,,,,,4,2024-08
ocds-dgv273-seacev3-2024-2407-155,LP-SM-22-2024-ELSE-1,"MEJORAMIENTO Y AMPLIACIÓN DEL SERVICIO DE DISTRIBUCIÓN DE ENERGÍA ELÉCTRICA EN EL ALIMENTADOR AN04 DE LOS SECTORES DE SUCARAYLLA, ANCCARAYLLA, HUARACCO OCCO, YANAYOCC Y CUMANAYLLA DISTRITO DE ANDAHUAYLAS DE LA PROVINCIA DE ANDAHUAYLAS DEL DEPARTAMENTO DE APURÍMAC",Licitación Pública,works,EMPRESA REGIONAL DE SERVICIOS PUBLICOS DE ELECTRICIDAD DEL SUR ESTE S.A.,20116544289,CUSCO,4830831.76,PEN,2024-07-09T12:18:00-05:00,60,A.U.R.A. CONTRATISTAS SOCIEDAD COMERCIAL DE RESPONSABILIDAD LIMITADA - A.U.R.A. CONTRATISTAS S.R.L.,20542822148,4347748.59,LP-022-2024,4347748.59,2024-10-15T00:00:00-05:00,2025-06-12T00:00:00-05:00,10,2024-07
ocds-dgv273-seacev3-1056338,LP-SM-9-2024-ELSE-1,ADQUISICIÓN DE EQUIPOS DE CIBERSEGURIDAD,Licitación Pública,goods,EMPRESA REGIONAL DE SERVICIOS PUBLICOS DE ELECTRICIDAD DEL SUR ESTE S.A.,20116544289,CUSCO,6511940.22,PEN,2024-07-15T11:26:00-05:00,20,LSCV  SYSTEMS  E.I.R.L.,20455664391,1624583.0,014-2025,4250817.93,2025-01-21T00:00:00-05:00,2025-03-22T00:00:00-05:00,22,2024-07
ocds-dgv273-seacev3-2024-2407-49,CP-SM-29-2024-ELSE-1,SERVICIOS DE LIMPIEZA DE LOS AMBIENTES INSTITUCIONALES REGION CUSCO,Concurso Público,services,EMPRESA REGIONAL DE SERVICIOS PUBLICOS DE ELECTRICIDAD DEL SUR ESTE S.A.,20116544289,CUSCO,1553657.67,PEN,2024-07-03T16:29:00-05:00,45,CORPORACION EMPRESARIAL VISUAL SERVICIOS GENERALES S.R.L.,20490544918,1128933.81,101-2024,1128933.81,2024-10-03T00:00:00-05:00,2026-10-03T00:00:00-05:00,14,2024-07
ocds-dgv273-seacev3-2024-2407-133,AS-SM-58-2024-ELSE-1,"SALDO DE OBRA: REMODELACIÓN DE CERCO PERIMETRICO EN EL(LA) LOCAL DE LA OFICINA, CENTRALES Y DEPÓSITOS DE ELECTRO SUR ESTE S.A.A, DEL DISTRITO DE IBERIA DE LA PROVINCIA DE TAHUAMANU Y DEL DISTRITO DE TAMBOPATA, PROVINCIA TAMBOPATA, DEPARTAMENTO MADRE DE DIOS",Adjudicación Simplificada,works,EMPRESA REGIONAL DE SERVICIOS PUBLICOS DE ELECTRICIDAD DEL SUR ESTE S.A.,20116544289,CUSCO,76963.52,PEN,2024-07-02T12:42:00-05:00,36,CIMACD,1556688,69267.17,089-2024,69267.17,2024-09-12T00:00:00-05:00,2024-10-27T00:00:00-05:00,11,2024-07
ocds-dgv273-seacev3-1040624,CP-SM-62-2024-ELSE-1,SERVICIO DE COMUNICACIONES DE ENLACES SATELITALES,Concurso Público,services,EMPRESA REGIONAL DE SERVICIOS PUBLICOS DE ELECTRICIDAD DEL SUR ESTE S.A.,20116544289,CUSCO,1336917.24,PEN,2024-07-05T14:53:00-05:00,13,GLOBALSAT PERU TELECOMUNICACIONES S.A.C.,20549217568,329686.1,108-2024,329686.1,2024-10-16T00:00:00-05:00,2026-10-16T00:00:00-05:00,10,2024-07
ocds-dgv273-seacev3-1034584,AS-SM-52-2024-ELSE-2,SERVICIO DE CALIBRACION DE EQUIPOS PARA MEDICIÓN DE LA NTCSE,Adjudicación Simplificada,services,EMPRESA REGIONAL DE SERVICIOS PUBLICOS DE ELECTRICIDAD DEL SUR ESTE S.A.,20116544289,CUSCO,149631.09,PEN,2024-07-15T15:43:00-05:00,7,JLI METROLOGY SOCIEDAD ANONIMA CERRADA,20510675097,147876.0,095-2024,147876.0,2024-09-25T00:00:00-05:00,2024-12-23T00:00:00-05:00,12,2024-07
ocds-dgv273-seacev3-1065574,CP-SM-2-2024-ELSE-1,SERVICIO DE MANTENIMIENTO DE SUBESTACIONES DE TRANSFORMACION Y SUMINISTRO DE REPUESTOS.,Concurso Público,services,EMPRESA REGIONAL DE SERVICIOS PUBLICOS DE ELECTRICIDAD DEL SUR ESTE S.A.,20116544289,CUSCO,7357562.38,PEN,2024-07-08T15:58:00-05:00,22,,,,,,,,7,2024-07
ocds-dgv273-seacev3-2024-2407-96,AS-SM-21-2024-ELSE-1,TRANSPORTE DE MATERIALES Y EQUIPOS AL ALMACEN DE PUERTO MALDONADO,Adjudicación Simplificada,services,EMPRESA REGIONAL DE SERVICIOS PUBLICOS DE ELECTRICIDAD DEL SUR ESTE S.A.,20116544289,CUSCO,461243.02,PEN,2024-07-11T15:44:00-05:00,8,CHURA PUMA JHOEL JHON,10487992955,399120.0,115-2024,399120.0,2024-11-13T00:00:00-05:00,2026-11-12T00:00:00-05:00,10,2024-07
ocds-dgv273-seacev3-1038042,LP-SM-12-2024-ELSE-1,"CREACION DE ALMACEN DE ELECTRO SUR ESTE QORIMARCA EN EL SECTOR DE CHINCHERO, DISTRITO DE CHINCHERO, PROVINCIA DE URUBAMBA, DEPARTAMENTO DE CUSCO",Licitación Pública,works,EMPRESA REGIONAL DE SERVICIOS PUBLICOS DE ELECTRICIDAD DEL SUR ESTE S.A.,20116544289,CUSCO,4346021.24,PEN,2024-07-04T15:00:00-05:00,75,Consorcio Estancia,1563143,3911419.12,102-2024,3911419.12,2024-10-03T00:00:00-05:00,2025-07-30T00:00:00-05:00,10,2024-07
ocds-dgv273-seacev3-2024-2407-104,AS-SM-29-2024-ELSE-1,SERVICIO DE MEDICO OCUPACIONAL,Adjudicación Simplificada,services,EMPRESA REGIONAL DE SERVICIOS PUBLICOS DE ELECTRICIDAD DEL SUR ESTE S.A.,20116544289,CUSCO,225031.59,PEN,2024-07-19T17:01:00-05:00,25,OCUPATIONAL HYGIENE PERU S.A.C.,20600480686,155000.0,096-2024,155000.0,2024-11-04T00:00:00-05:00,2026-11-04T00:00:00-05:00,8,2024-07
ocds-dgv273-seacev3-1034942,LP-SM-9-2024-ELSE-1,ADQUISICIÓN DE EQUIPOS DE CIBERSEGURIDAD,Licitación Pública,goods,EMPRESA REGIONAL DE SERVICIOS PUBLICOS DE ELECTRICIDAD DEL SUR ESTE S.A.,20116544289,CUSCO,0.0,PEN,2024-07-15T11:26:00-05:00,0,,,,,,,,4,2024-07
ocds-dgv273-seacev3-2024-2407-46,CP-SM-26-2024-ELSE-1,SERVICIO MEJORAMIENTO DE ACOMETIDAS DOMICILIARIAS LA CONVENCIÓN 2024-2025,Concurso Público,services,EMPRESA REGIONAL DE SERVICIOS PUBLICOS DE ELECTRICIDAD DEL SUR ESTE S.A.,20116544289,CUSCO,1941076.87,PEN,2024-07-30T18:03:00-05:00,18,,,,,,,,7,2024-07
ocds-dgv273-seacev3-2024-2407-97,CP-SM-62-2024-ELSE-1,SERVICIO DE COMUNICACIONES DE ENLACES SATELITALES,Concurso Público,services,EMPRESA REGIONAL DE SERVICIOS PUBLICOS DE ELECTRICIDAD DEL SUR ESTE S.A.,20116544289,CUSCO,0.0,PEN,2024-07-05T14:53:00-05:00,0,,,,,,,,2,2024-07
ocds-dgv273-seacev3-2024-2407-12,LP-SM-12-2024-ELSE-1,"CREACION DE ALMACEN DE ELECTRO SUR ESTE QORIMARCA EN EL SECTOR DE CHINCHERO, DISTRITO DE CHINCHERO, PROVINCIA DE URUBAMBA, DEPARTAMENTO DE CUSCO",Licitación Pública,works,EMPRESA REGIONAL DE SERVICIOS PUBLICOS DE ELECTRICIDAD DEL SUR ESTE S.A.,20116544289,CUSCO,4346021.24,PEN,2024-07-04T15:00:00-05:00,0,,,,,,,,2,2024-07
ocds-dgv273-seacev3-1031948,AS-SM-69-2024-ELSE-1,ADQUISICIÓN  DE COMBUSTIBLE PARA GENERACION MEDIANTE GRUPOS ELECTROGENOS,Adjudicación Simplificada,goods,EMPRESA REGIONAL DE SERVICIOS PUBLICOS DE ELECTRICIDAD DEL SUR ESTE S.A.,20116544289,CUSCO,0.0,PEN,2024-07-05T10:41:00-05:00,0,,,,,,,,5,2024-07
ocds-dgv273-seacev3-1026981,AS-SM-41-2024-ELSE-1,IDENTIFICACIÓN DE PÉRDIDAS POR TRAMOS DE MT,Adjudicación Simplificada,services,EMPRESA REGIONAL DE SERVICIOS PUBLICOS DE ELECTRICIDAD DEL SUR ESTE S.A.,20116544289,CUSCO,148582.28,PEN,2024-06-20T15:59:00-05:00,14,LJE CONTRATISTAS GENERALES EMPRESA INDIVIDUAL DE RESPONSABILIDAD LIMITADA,20608415964,149270.0,084-2024,149270.0,2024-08-21T00:00:00-05:00,2024-12-19T00:00:00-05:00,10,2024-06
ocds-dgv273-seacev3-2024-2407-54,AS-SM-68-2024-ELSE-1,SERVICIO DE REPARTO DE RECIBOS DE LOS SFV-RER,Adjudicación Simplificada,services,EMPRESA REGIONAL DE SERVICIOS PUBLICOS DE ELECTRICIDAD DEL SUR ESTE S.A.,20116544289,CUSCO,1470073.8,PEN,2024-06-17T10:15:00-05:00,26,CONCAS,1545183,1097017.8,083-2024,1097017.8,2024-08-17T00:00:00-05:00,2025-11-10T00:00:00-05:00,19,2024-06
ocds-dgv273-seacev3-1040881,AS-SM-38-2024-ELSE-1,SERVICIO DE LIMPIEZA DE LOS AMBIENTES Y LOCALES DE LA GERENCIA APURÍMAC,Adjudicación Simplificada,services,EMPRESA REGIONAL DE SERVICIOS PUBLICOS DE ELECTRICIDAD DEL SUR ESTE S.A.,20116544289,CUSCO,197768.58,PEN,2024-06-20T15:31:00-05:00,33,MIRAVAL SERVICIOS GENERALES S.R.L.,20611239671,174404.58,088-2024,174404.58,2024-09-10T00:00:00-05:00,2026-09-09T00:00:00-05:00,9,2024-06
ocds-dgv273-seacev3-2024-2407-65,CP-SM-45-2024-ELSE-1,MANTENIMIENTO DE VEHICULOS DE CARGA PESADA CUSCO,Concurso Público,services,EMPRESA REGIONAL DE SERVICIOS PUBLICOS DE ELECTRICIDAD DEL SUR ESTE S.A.,20116544289,CUSCO,971284.38,PEN,2024-06-20T08:35:00-05:00,7,SCA-VOL E.I.R.L.,20470674564,635616.0,111-2024,635616.0,2024-10-18T00:00:00-05:00,2026-10-17T00:00:00-05:00,11,2024-06
ocds-dgv273-seacev3-2024-2407-154,AS-SM-13-2023-ELSE-2,ADQUISICIÓN DE TUBOS PARA EL SOTERRAMIENTO DE REDES,Adjudicación Simplificada,goods,EMPRESA REGIONAL DE SERVICIOS PUBLICOS DE ELECTRICIDAD DEL SUR ESTE S.A.,20116544289,CUSCO,166961.0,PEN,2024-06-19T10:58:00-05:00,6,CONTUSOL S.A.C.,20602493572,161408.0,080-2024,161408.0,2024-08-06T00:00:00-05:00,2025-10-14T00:00:00-05:00,9,2024-06
ocds-dgv273-seacev3-2024-2407-113,AS-SM-38-2024-ELSE-1,SERVICIO DE LIMPIEZA DE LOS AMBIENTES Y LOCALES DE LA GERENCIA APURÍMAC,Adjudicación Simplificada,services,EMPRESA REGIONAL DE SERVICIOS PUBLICOS DE ELECTRICIDAD DEL SUR ESTE S.A.,20116544289,CUSCO,197768.58,PEN,2024-06-20T15:31:00-05:00,32,SERVICIOS GENERALES MASA S.R.L.,20408203377,163982.4,,,,,7,2024-06
ocds-dgv273-seacev3-2024-2407-153,AS-SM-66-2024-ELSE-1,SOPORTE DE GESTIÓN AMBIENTAL ANTE OEFA,Adjudicación Simplificada,services,EMPRESA REGIONAL DE SERVICIOS PUBLICOS DE ELECTRICIDAD DEL SUR ESTE S.A.,20116544289,CUSCO,322598.0,PEN,2024-06-18T16:46:00-05:00,4,ATIQ PROYECTOS S.A.C.,20607993182,328630.0,079-2024,328630.0,2024-08-06T00:00:00-05:00,2025-08-05T00:00:00-05:00,8,2024-06
ocds-dgv273-seacev3-1053324,CP-SM-1-2024-ELSE-1,RESGUARDO Y VIGILANCIA DE LOS LOCALES DE ELECTRO SUR ESTE S.A.A.,Concurso Público,services,EMPRESA REGIONAL DE SERVICIOS PUBLICOS DE ELECTRICIDAD DEL SUR ESTE S.A.,20116544289,CUSCO,9167816.96,PEN,2024-05-22T11:16:00-05:00,22,SEGURIDAD VIP ASPER SOCIEDAD ANONIMA CERRADA,20600430476,9988381.98,110-2024,9988381.98,2024-10-18T00:00:00-05:00,2026-04-17T00:00:00-05:00,10,2024-05
ocds-dgv273-seacev3-2024-2407-80,AS-SM-5-2024-ELSE-1,"SALDO DE OBRA: REMODELACIÓN DE ALMACÉN O DEPOSITO, EN EL (LA) CENTRAL TÉRMICA DE PUERTO MALDONADO ELECTRO SUR ESTE S.A.A. EN LA LOCALIDAD DE PUERTO MALDONADO, DISTRITO DE TAMBOPATA, PROVINCIA DE TAMBOPATA, DEPARTAMENTO MADRE DE DIOS",Adjudicación Simplificada,works,EMPRESA REGIONAL DE SERVICIOS PUBLICOS DE ELECTRICIDAD DEL SUR ESTE S.A.,20116544289,CUSCO,373695.6,PEN,2024-05-28T12:06:00-05:00,36,CONSORCIO IMPERIO III,1542403,331086.24,099-2024,336326.04,2024-10-01T00:00:00-05:00,2024-12-30T00:00:00-05:00,11,2024-05
ocds-dgv273-seacev3-2024-2407-21,CP-SM-1-2024-ELSE-1,RESGUARDO Y VIGILANCIA DE LOS LOCALES DE ELECTRO SUR ESTE S.A.A.,Concurso Público,services,EMPRESA REGIONAL DE SERVICIOS PUBLICOS DE ELECTRICIDAD DEL SUR ESTE S.A.,20116544289,CUSCO,9167816.96,PEN,2024-05-22T11:16:00-05:00,16,'WALKER PROTECTION SOCIEDAD ANONIMA CERRADA',20407976453,7764943.11,,,,,7,2024-05
ocds-dgv273-seacev3-1020281,AS-SM-44-2024-ELSE-2,SERVICIO DE DETERMINACIÓN DE PÉRDIDAS POR SEDS,Adjudicación Simplificada,services,EMPRESA REGIONAL DE SERVICIOS PUBLICOS DE ELECTRICIDAD DEL SUR ESTE S.A.,20116544289,CUSCO,159767.68,PEN,2024-05-29T16:18:00-05:00,9,,,,,,,,8,2024-05
ocds-dgv273-seacev3-2024-2407-95,AS-SM-20-2024-ELSE-1,ADQUISICION DE ACCESORIOS PARA AP CELULA FOTOELECTRICA 10A,Adjudicación Simplificada,goods,EMPRESA REGIONAL DE SERVICIOS PUBLICOS DE ELECTRICIDAD DEL SUR ESTE S.A.,20116544289,CUSCO,299207.74,PEN,2024-05-22T16:02:00-05:00,21,COMERCIALIZADORA DE FABRIC. ELECT. SAC,20499717963,184320.0,085-2024,184320.0,2024-08-23T00:00:00-05:00,2025-01-20T00:00:00-05:00,8,2024-05
ocds-dgv273-seacev3-2024-2407-92,CP-SM-60-2024-ELSE-1,SERVICIO DE CONEXIÓN DEDICADA A INTERNET,Concurso Público,services,EMPRESA REGIONAL DE SERVICIOS PUBLICOS DE ELECTRICIDAD DEL SUR ESTE S.A.,20116544289,CUSCO,605856.0,PEN,2024-05-15T10:46:00-05:00,19,GTD PERÚ S.A,20421780472,329928.0,082-2024,329928.0,2024-08-15T00:00:00-05:00,2026-11-23T00:00:00-05:00,9,2024-05
ocds-dgv273-seacev3-2024-2407-29,CP-SM-9-2024-ELSE-1,SERVICIO DE CENTROS DE ATENCIÓN REGIÓN CUSCO 2024 - 2025,Concurso Público,services,EMPRESA REGIONAL DE SERVICIOS PUBLICOS DE ELECTRICIDAD DEL SUR ESTE S.A.,20116544289,CUSCO,0.0,PEN,2024-05-10T14:58:00-05:00,0,,,,,,,,4,2024-05
ocds-dgv273-seacev3-2024-2407-111,AS-SM-36-2024-ELSE-1,ADQUISICIÓN DE REGISTRADORES MONOFASICOS,Adjudicación Simplificada,goods,EMPRESA REGIONAL DE SERVICIOS PUBLICOS DE ELECTRICIDAD DEL SUR ESTE S.A.,20116544289,CUSCO,280567.0,PEN,2024-05-06T15:54:00-05:00,10,CVK ELECTRONICS SOCIEDAD ANONIMA CERRADA,20603667574,210000.0,070-2024,210000.0,2024-06-20T00:00:00-05:00,2024-09-18T00:00:00-05:00,9,2024-05
ocds-dgv273-seacev3-2024-2407-127,AS-SM-52-2024-ELSE-1,SERVICIO DE CALIBRACION DE EQUIPOS PARA MEDICIÓN DE LA NTCSE,Adjudicación Simplificada,services,EMPRESA REGIONAL DE SERVICIOS PUBLICOS DE ELECTRICIDAD DEL SUR ESTE S.A.,20116544289,CUSCO,0.0,PEN,2024-05-22T10:39:00-05:00,0,,,,,,,,4,2024-05
ocds-dgv273-seacev3-2024-2407-137,SIE-SIE-2-2024-ELSE-1,ADQUISICIÓN  DE COMBUSTIBLE PARA GENERACION MEDIANTE GRUPOS ELECTROGENOS,Subasta Inversa Electrónica,goods,EMPRESA REGIONAL DE SERVICIOS PUBLICOS DE ELECTRICIDAD DEL SUR ESTE S.A.,20116544289,CUSCO,407750.0,PEN,2024-05-14T11:36:00-05:00,4,,,,,,,,3,2024-05
ocds-dgv273-seacev3-2024-2407-150,CP-SM-58-2024-ELSE-1,"SUPERVISIÓN DE ELABORACIÓN DE EXPEDIENTE TÉCNICO Y EJECUCIÓN DE OBRA: AMPLIACIÓN DE LA SUBESTACIÓN QUENCORO 138 KV, CELDA DE TRANSFORMACIÓN PLAN MAESTRO 138/34.4/10.5 KV DEL DISTRITO DE SAN JERÓNIMO, PROVINCIA DEL CUSCO, DEPARTAMENTO DEL CUSCO",Concurso Público,services,EMPRESA REGIONAL DE SERVICIOS PUBLICOS DE ELECTRICIDAD DEL SUR ESTE S.A.,20116544289,CUSCO,1651302.79,PEN,2024-04-24T21:58:00-05:00,7,ACI PROYECTOS S.A.S. SUCURSAL DEL PERU,20492307298,1486172.52,073-2024,1486172.52,2024-07-02T00:00:00-05:00,2025-08-01T00:00:00-05:00,10,2024-04
ocds-dgv273-seacev3-2024-2407-110,AS-SM-35-2024-ELSE-1,SUPERVISIÓN DE ASPECTOS DE SEGURIDAD Y MEDIO AMBIENTE EN ELSE,Adjudicación Simplificada,services,EMPRESA REGIONAL DE SERVICIOS PUBLICOS DE ELECTRICIDAD DEL SUR ESTE S.A.,20116544289,CUSCO,210147.69,PEN,2024-04-25T16:32:00-05:00,12,CONSORCIO CHAWPY,1522853,236348.14,076-2024,236348.14,2024-07-06T00:00:00-05:00,2025-03-03T00:00:00-05:00,11,2024-04
ocds-dgv273-seacev3-2024-2407-75,AS-SM-64-2024-ELSE-1,MUESTREO DE TRANSFORMADORES Y CONDENSADORES CON PCB,Adjudicación Simplificada,services,EMPRESA REGIONAL DE SERVICIOS PUBLICOS DE ELECTRICIDAD DEL SUR ESTE S.A.,20116544289,CUSCO,467981.0,PEN,2024-04-30T12:33:00-05:00,15,INDUSTRIAS TESLA PERU SOCIEDAD COMERCIAL DE RESPONSABILIDAD LIMITADA - TESLA PERU SRL.,20442152684,457240.0,071-2024,457240.0,2024-07-02T00:00:00-05:00,2025-04-28T00:00:00-05:00,9,2024-04
ocds-dgv273-seacev3-2024-2407-149,AS-SM-44-2023-ELSE-2,SERVICIO DE CONFECCION DE LETREROS Y AUTOADHESIVOS PARA CODIFICACION EN ESTRUCTURAS DE TRANSMISIÓN,Adjudicación Simplificada,services,EMPRESA REGIONAL DE SERVICIOS PUBLICOS DE ELECTRICIDAD DEL SUR ESTE S.A.,20116544289,CUSCO,445950.0,PEN,2024-04-16T15:45:00-05:00,21,CONSORCIO VIRGEN DEL CARMEN,1514842,278220.0,072-2024,278220.0,2024-07-02T00:00:00-05:00,2024-10-30T00:00:00-05:00,13,2024-04
ocds-dgv273-seacev3-2024-2407-131,CP-SM-59-2024-ELSE-1,SERVICIO DE ENVIO DE MENSAJES SMS A CLIENTES,Concurso Público,services,EMPRESA REGIONAL DE SERVICIOS PUBLICOS DE ELECTRICIDAD DEL SUR ESTE S.A.,20116544289,CUSCO,528710.64,PEN,2024-04-22T16:24:00-05:00,19,HOLACLIENTE SOCIEDAD ANONIMA CERRADA,20602571077,289700.0,074-2024,289700.0,2024-07-05T00:00:00-05:00,2027-09-18T00:00:00-05:00,8,2024-04
ocds-dgv273-seacev3-2024-2407-142,SIE-SIE-7-2024-ELSE-1,ADQUISICIÓN DE COMBUSTIBLE PARA UNIDADES VEHICULARES ANTA,Subasta Inversa Electrónica,goods,EMPRESA REGIONAL DE SERVICIOS PUBLICOS DE ELECTRICIDAD DEL SUR ESTE S.A.,20116544289,CUSCO,69360.0,PEN,2024-04-11T12:43:00-05:00,5,MULTISERVICIOS  PETRO GALAXI  E.I.R.L.,20601378311,70000.0,,,,,4,2024-04
ocds-dgv273-seacev3-2024-2407-102,AS-SM-27-2024-ELSE-1,"SERVICIO DE TRASVASE, TRANSPORTE Y DISPOSICIÓN DE RESIDUOS SOLIDOS",Adjudicación Simplificada,services,EMPRESA REGIONAL DE SERVICIOS PUBLICOS DE ELECTRICIDAD DEL SUR ESTE S.A.,20116544289,CUSCO,434400.0,PEN,2024-04-05T15:44:00-05:00,9,RECICLADORA DE METALES JJ EMPRESA INDIVIDUAL DE RESPONSABILIDAD LIMITADA,20527871493,256000.0,061-2024,256000.0,2024-05-30T00:00:00-05:00,2026-05-29T00:00:00-05:00,9,2024-04
ocds-dgv273-seacev3-2024-2407-119,AS-SM-44-2024-ELSE-1,SERVICIO DE DETERMINACIÓN DE PÉRDIDAS POR SEDS,Adjudicación Simplificada,services,EMPRESA REGIONAL DE SERVICIOS PUBLICOS DE ELECTRICIDAD DEL SUR ESTE S.A.,20116544289,CUSCO,159767.68,PEN,2024-04-22T15:54:00-05:00,11,,,,,,,,7,2024-04
ocds-dgv273-seacev3-2024-2407-76,AS-SM-1-2024-ELSE-1,"SALDO DE OBRA: RENOVACIÓN DE LÍNEA PRIMARIA, EN EL(LA) SALIDA DE LA TRONCAL, DE LOS ALIMENTADORES EN 13.2 KV Y 22.9 KV DE LA SET ANDAHUAYLAS DEL DISTRITO DE ANDAHUAYLAS, PROVINCIA ANDAHUAYLAS, DEPARTAMENTO APURÍMAC",Adjudicación Simplificada,works,EMPRESA REGIONAL DE SERVICIOS PUBLICOS DE ELECTRICIDAD DEL SUR ESTE S.A.,20116544289,CUSCO,2023004.94,PEN,2024-03-25T12:46:00-05:00,28,ESQUIVEL CABALLERO WENDEL,10247139945,1820704.45,064-2024,1820704.45,2024-06-01T00:00:00-05:00,2024-10-29T00:00:00-05:00,9,2024-03
ocds-dgv273-seacev3-2024-2407-145,AS-SM-63-2024-ELSE-1,ADQUISICIÓN DE PARARRAYOS PARA LINEAS DE TRANSMISIÓN,Adjudicación Simplificada,goods,EMPRESA REGIONAL DE SERVICIOS PUBLICOS DE ELECTRICIDAD DEL SUR ESTE S.A.,20116544289,CUSCO,809140.0,PEN,2024-03-20T14:24:00-05:00,22,CONSORCIO H,1506406,425651.09,056-2024,425651.09,2024-05-22T00:00:00-05:00,2024-12-18T00:00:00-05:00,13,2024-03
ocds-dgv273-seacev3-2024-2407-57,CP-SM-37-2024-ELSE-1,SERVICIO DE REPARACION Y MANTENIMIENTO DE TRANSFORMADORES DE DISTRIBUCION PARA CONTINGENCIAS,Concurso Público,services,EMPRESA REGIONAL DE SERVICIOS PUBLICOS DE ELECTRICIDAD DEL SUR ESTE S.A.,20116544289,CUSCO,1125150.0,PEN,2024-03-14T14:47:00-05:00,13,INDUSTRIAS TESLA PERU SOCIEDAD COMERCIAL DE RESPONSABILIDAD LIMITADA - TESLA PERU SRL.,20442152684,1084200.0,052-2024,1084200.0,2024-05-16T00:00:00-05:00,2025-05-15T00:00:00-05:00,11,2024-03
ocds-dgv273-seacev3-2024-2407-98,AS-SM-23-2024-ELSE-1,SERVICIO DE MESA DE AYUDA DE SOPORTE A USUARIOS E INFRAESTRUCTURA,Adjudicación Simplificada,services,EMPRESA REGIONAL DE SERVICIOS PUBLICOS DE ELECTRICIDAD DEL SUR ESTE S.A.,20116544289,CUSCO,367500.0,PEN,2024-03-04T11:13:00-05:00,14,GUTIERREZ RAMIREZ KEVIN HAROLD,10720240454,203954.0,038-2024,203954.0,2024-04-24T00:00:00-05:00,2025-04-23T00:00:00-05:00,10,2024-03
ocds-dgv273-seacev3-2024-2407-144,AS-SM-61-2024-ELSE-1,"SALDO DE OBRA MEJORAMIENTO Y AMPLIACIÓN EN MEDIA TENSIÓN Y BAJA TENSIÓN DE 16 SECTORES DEL DISTRITO DE MARAS, PROVINCIA DE URUBAMBA, DEPARTAMENTO DE CUSCO",Adjudicación Simplificada,works,EMPRESA REGIONAL DE SERVICIOS PUBLICOS DE ELECTRICIDAD DEL SUR ESTE S.A.,20116544289,CUSCO,1959283.01,PEN,2024-03-06T10:23:00-05:00,48,PROYECTOS E INVERSIONES MULTIPLES S.A.C.,20487326586,1763354.71,066-2024,1763354.71,2024-06-11T00:00:00-05:00,2024-12-09T00:00:00-05:00,8,2024-03
ocds-dgv273-seacev3-2024-2407-103,AS-SM-28-2024-ELSE-1,SERVICIO DE VERIFICACION POST OPERACIÓN DE LOS SISTEMAS FOTOVOLTAICOS-RER,Adjudicación Simplificada,services,EMPRESA REGIONAL DE SERVICIOS PUBLICOS DE ELECTRICIDAD DEL SUR ESTE S.A.,20116544289,CUSCO,219525.0,PEN,2024-03-11T15:52:00-05:00,24,ONE SOURCE S.A.C.,20527897026,162500.0,053-2024,162500.0,2024-05-17T00:00:00-05:00,2024-08-15T00:00:00-05:00,10,2024-03
ocds-dgv273-seacev3-2024-2407-2,LP-SM-2-2024-ELSE-1,ADQUISICIÓN DE TRANSFORMADOR DE POTENCIA 60/22.9KV-9MVA Y EQUIPAMIENTO DE B4CELDA DE TRANSFORMADOR DE 60KV Y DE CELDA DE TRANSFORMADOR DE 22.9KV,Licitación Pública,goods,EMPRESA REGIONAL DE SERVICIOS PUBLICOS DE ELECTRICIDAD DEL SUR ESTE S.A.,20116544289,CUSCO,8966524.05,PEN,2024-03-25T10:56:00-05:00,24,IMG EQUIPAMIENTOS S.A.C.,20392777190,8590400.0,075-2024,8590400.0,2024-07-05T00:00:00-05:00,2025-08-09T00:00:00-05:00,9,2024-03
ocds-dgv273-seacev3-2024-2407-67,CP-SM-47-2024-ELSE-1,SERVICIO PARA LA ATENCIÓN DE PROCEDIMIENTOS ADMINISTRATIVOS DE RECLAMOS EN LA REGIÓN CUSCO 2024-2025,Concurso Público,services,EMPRESA REGIONAL DE SERVICIOS PUBLICOS DE ELECTRICIDAD DEL SUR ESTE S.A.,20116544289,CUSCO,763564.2,PEN,2024-03-19T16:21:00-05:00,24,EJECUTOR,1510182,699750.0,068-2024,699750.0,2024-06-14T00:00:00-05:00,2026-06-13T00:00:00-05:00,9,2024-03
ocds-dgv273-seacev3-995983,AS-SM-62-2024-ELSE-1,SERVICIO DE LEVANTAMIENTO DE DEFICIENCIAS DE MEDIA TENSION APURIMAC 2023 - 2024,Adjudicación Simplificada,services,EMPRESA REGIONAL DE SERVICIOS PUBLICOS DE ELECTRICIDAD DEL SUR ESTE S.A.,20116544289,CUSCO,4125189.27,PEN,2024-03-14T16:20:00-05:00,13,CONCAS,1504311,2853934.01,067-2024,2853934.01,2024-06-12T00:00:00-05:00,2026-06-11T00:00:00-05:00,11,2024-03
ocds-dgv273-seacev3-2024-2407-147,CP-SM-56-2024-ELSE-1,AGENCIAMIENTO DE PASAJES AÉREOS,Concurso Público,services,EMPRESA REGIONAL DE SERVICIOS PUBLICOS DE ELECTRICIDAD DEL SUR ESTE S.A.,20116544289,CUSCO,265728.23,USD,2024-03-19T14:41:00-05:00,8,PERU MUNDO TRAVEL SOCIEDADA ANONIMA CERRADA,20509435341,262209.0,058-2024,262209.0,2024-05-23T00:00:00-05:00,2026-05-22T00:00:00-05:00,9,2024-03
ocds-dgv273-seacev3-2024-2407-138,SIE-SIE-3-2024-ELSE-1,ADQUISICIÓN DE COMBUSTIBLE PARA VEHÍCULOS APURÍMAC - ABANCAY 2024 - 2025,Subasta Inversa Electrónica,goods,EMPRESA REGIONAL DE SERVICIOS PUBLICOS DE ELECTRICIDAD DEL SUR ESTE S.A.,20116544289,CUSCO,357670.01,PEN,2024-03-20T16:15:00-05:00,5,SERVICENTRO SAN JOSE E.I.R.LTDA.,20485584880,356592.0,051-2024,356592.0,2024-05-15T00:00:00-05:00,2026-05-15T00:00:00-05:00,4,2024-03
ocds-dgv273-seacev3-2024-2407-74,CP-SM-54-2024-ELSE-1,ACTUALIZACION DEL ESTUDIO DE COORDINACIÓN DE PROTECCIONES ELECTRICAS A NIVEL EMPRESARIAL,Concurso Público,services,EMPRESA REGIONAL DE SERVICIOS PUBLICOS DE ELECTRICIDAD DEL SUR ESTE S.A.,20116544289,CUSCO,490850.0,PEN,2024-02-15T15:18:00-05:00,14,CONSORCIO SUR,1503089,365400.0,047-2024,365400.0,2024-05-10T00:00:00-05:00,2025-02-04T00:00:00-05:00,11,2024-02
ocds-dgv273-seacev3-2024-2407-129,AS-SM-51-2023-ELSE-2,"SERVICIO PARA ATENCION DE CLIENTES EN FERIAS, COLEGIOS Y VOLANTEO APURIMAC 2024",Adjudicación Simplificada,services,EMPRESA REGIONAL DE SERVICIOS PUBLICOS DE ELECTRICIDAD DEL SUR ESTE S.A.,20116544289,CUSCO,88356.66,PEN,2024-02-27T16:57:00-05:00,8,NIÑO DE GUZMAN CONTRERAS JOHN,10238577107,74900.0,044-2024,74900.0,2024-05-04T00:00:00-05:00,2024-09-02T00:00:00-05:00,10,2024-02
ocds-dgv273-seacev3-994998,LP-SM-1-2024-ELSE-1,"AMPLIACIÓN DE LA SUBESTACIÓN QUENCORO 138 KV, CELDA DE TRANSFORMACIÓN PLAN MAESTRO 138/34,5/10,5 KV DEL DISTRITO DE SAN JERÓNIMO, PROVINCIA DEL CUSCO, DEPARTAMENTO DEL CUSCO",Licitación Pública,works,EMPRESA REGIONAL DE SERVICIOS PUBLICOS DE ELECTRICIDAD DEL SUR ESTE S.A.,20116544289,CUSCO,24938839.07,PEN,2024-02-14T10:53:00-05:00,15,CONSORCIO SOLINTI,1503561,27381778.2,050-2024,27381778.2,2024-05-15T00:00:00-05:00,2025-06-14T00:00:00-05:00,11,2024-02
ocds-dgv273-seacev3-2024-2407-60,CP-SM-40-2024-ELSE-1,SERVICIO DE SUPERVISIÓN DE CONTRASTACIÓN DE MEDIDORES 2024-2025,Concurso Público,services,EMPRESA REGIONAL DE SERVICIOS PUBLICOS DE ELECTRICIDAD DEL SUR ESTE S.A.,20116544289,CUSCO,1003747.3,PEN,2024-02-22T12:52:00-05:00,32,TELCOM ENERGY,1505258,451015.5,060-2024,451015.5,2024-05-30T00:00:00-05:00,2026-05-29T00:00:00-05:00,9,2024-02
ocds-dgv273-seacev3-2024-2407-27,CP-SM-7-2024-ELSE-1,SERVICIO PARA EL MANTENIMIENTO DE INFRAESTRUCTURA ELÉCTRICA DE DISTRIBUCIÓN - LA CONVENCIÓN,Concurso Público,services,EMPRESA REGIONAL DE SERVICIOS PUBLICOS DE ELECTRICIDAD DEL SUR ESTE S.A.,20116544289,CUSCO,4356858.68,PEN,2024-02-22T15:14:00-05:00,22,AT SOLUCIONES S.R.L.,20527736871,5457946.4,054-2024,5457946.4,2024-05-21T00:00:00-05:00,2026-05-20T00:00:00-05:00,8,2024-02
ocds-dgv273-seacev3-2024-2407-38,CP-SM-18-2024-ELSE-1,SERVICIO DE MANTENIMIENTO DE ACOMETIDAS DOMICILIARIAS CUSCO 2024,Concurso Público,services,EMPRESA REGIONAL DE SERVICIOS PUBLICOS DE ELECTRICIDAD DEL SUR ESTE S.A.,20116544289,CUSCO,4209831.14,PEN,2024-02-02T15:08:00-05:00,23,CONSORCIO ILLAPAY,1499590,4205753.5,045-2024,4205753.5,2024-05-07T00:00:00-05:00,2025-07-30T00:00:00-05:00,9,2024-02
ocds-dgv273-seacev3-2024-2407-141,SIE-SIE-6-2024-ELSE-1,"ADQUISICIÓN DE COMBUSTIBLE PARA VEHÍCULOS APURÍMAC, ANDAHUAYLAS 2024 - 2025",Subasta Inversa Electrónica,goods,EMPRESA REGIONAL DE SERVICIOS PUBLICOS DE ELECTRICIDAD DEL SUR ESTE S.A.,20116544289,CUSCO,173200.0,PEN,2024-02-28T10:32:00-05:00,3,ESTACION DE SERVICIOS GRUPO A & T PERU SOCIEDAD ANONIMA CERRADA,20450700771,174000.0,043-2024,174000.0,2024-05-02T00:00:00-05:00,2026-05-02T00:00:00-05:00,4,2024-02
ocds-dgv273-seacev3-2024-2407-56,CP-SM-36-2024-ELSE-1,"GESTIÓN DE PÉRDIDAS CUSCO, MADRE DE DIOS Y APURÍMAC",Concurso Público,services,EMPRESA REGIONAL DE SERVICIOS PUBLICOS DE ELECTRICIDAD DEL SUR ESTE S.A.,20116544289,CUSCO,1333022.13,PEN,2024-02-08T12:19:00-05:00,17,CONSORCIO ILLAPAY,1501631,898627.5,039-2024,898627.5,2024-04-26T00:00:00-05:00,2025-04-25T00:00:00-05:00,9,2024-02
ocds-dgv273-seacev3-2024-2407-25,CP-SM-5-2024-ELSE-1,SERVICIO DE OPERACIÓN Y MANTENIMIENTO DE CENTRALES HIDROELÉCTRICAS,Concurso Público,services,EMPRESA REGIONAL DE SERVICIOS PUBLICOS DE ELECTRICIDAD DEL SUR ESTE S.A.,20116544289,CUSCO,6748729.08,PEN,2024-02-05T21:02:00-05:00,9,CONSORCIO INGENERCON-AMV,1499830,6183350.0,032-2024,2314350.0,2024-04-05T00:00:00-05:00,2026-04-04T00:00:00-05:00,11,2024-02
ocds-dgv273-seacev3-2024-2407-26,CP-SM-6-2024-ELSE-1,SERVICIO PARA LA CONTRASTACIÓN DE MEDIDORES 2024 - 2026,Concurso Público,services,EMPRESA REGIONAL DE SERVICIOS PUBLICOS DE ELECTRICIDAD DEL SUR ESTE S.A.,20116544289,CUSCO,6890069.33,PEN,2024-02-01T16:53:00-05:00,8,MALCOM S.A. CONTRATISTAS GENERALES,20427328776,6498179.38,034-2024,6498179.38,2024-04-16T00:00:00-05:00,2026-04-15T00:00:00-05:00,8,2024-02
ocds-dgv273-seacev3-2024-2407-1,LP-SM-1-2024-ELSE-1,"AMPLIACIÓN DE LA SUBESTACIÓN QUENCORO 138 KV, CELDA DE TRANSFORMACIÓN PLAN MAESTRO 138/34,5/10,5 KV DEL DISTRITO DE SAN JERÓNIMO, PROVINCIA DEL CUSCO, DEPARTAMENTO DEL CUSCO",Licitación Pública,works,EMPRESA REGIONAL DE SERVICIOS PUBLICOS DE ELECTRICIDAD DEL SUR ESTE S.A.,20116544289,CUSCO,24987234.91,PEN,2024-02-14T10:53:00-05:00,0,,,,,,,,2,2024-02
ocds-dgv273-seacev3-2024-2407-112,AS-SM-37-2024-ELSE-1,SERVICIO DE SUPERVISIÓN DE SUMINISTROS MAYORES,Adjudicación Simplificada,services,EMPRESA REGIONAL DE SERVICIOS PUBLICOS DE ELECTRICIDAD DEL SUR ESTE S.A.,20116544289,CUSCO,183451.04,PEN,2024-01-26T15:33:00-05:00,15,LUCROP,1495742,149160.0,027-2024,149160.0,2024-03-19T00:00:00-05:00,2025-03-14T00:00:00-05:00,10,2024-01
ocds-dgv273-seacev3-2024-2407-55,CP-SM-35-2024-ELSE-1,MANTENIMIENTO DE VEHICULOS DE CARGA LIGERA CUSCO,Concurso Público,services,EMPRESA REGIONAL DE SERVICIOS PUBLICOS DE ELECTRICIDAD DEL SUR ESTE S.A.,20116544289,CUSCO,1093081.37,PEN,2024-01-24T12:58:00-05:00,5,CONSORCIO AUTOMOTRIZ VALLE SAGRADO S.R.L.,20600231422,629276.0,033-2024,629276.0,2024-04-12T00:00:00-05:00,2026-04-11T00:00:00-05:00,9,2024-01
ocds-dgv273-seacev3-2024-2407-143,SIE-SIE-8-2024-ELSE-1,ADQUISICION DE COMBUSTBLE PARA UNIDADES MÓVILES QUISPICANCHI,Subasta Inversa Electrónica,goods,EMPRESA REGIONAL DE SERVICIOS PUBLICOS DE ELECTRICIDAD DEL SUR ESTE S.A.,20116544289,CUSCO,91832.0,PEN,2024-01-26T11:59:00-05:00,3,GRIFO J.H.P. E.I.R.LTDA.,20370508659,85280.0,025-2024,85280.0,2024-03-09T00:00:00-05:00,2026-03-09T00:00:00-05:00,4,2024-01
