NOMENCLATURA,DESCRIPCION,CANTIDAD,UNIDAD,CLASIFICACION
LP-SM-31-2024-ELSE-1,AMPLIACIÓN DEL SERVICIO DE SUMINISTRO ELÉCTRICO DOMICILIARIO EN ZONAS RURALES EN 5 UNIDADES PRODUCTORAS 5 DISTRITOS DE 4 PROVINCIAS DEL DEPARTAMENTO DE CUSCO,1.0,Servicio,AMPLIACION DE REDES DE DISTRIBUCION ELECTRICA AEREA DE BAJA TENSION
CP-SM-15-2024-ELSE-1,SERVICIO DE ATENCION DE AVERIAS 2025-2026 ABANCAY,1.0,Servicio,SERVICIO DE MANTENIMIENTO DE REDES ELECTRICAS POR EMERGENCIA
CP-SM-19-2024-ELSE-1,SERVICIO DE LIMPIEZA DE FRANJA DE SERVIDUMBRE Y TALA DE ARBOLES EN LA GERENCIA REGIONAL DE MADRE DE DIOS,1.0,Servicio,SERVICIO DE LIMPIEZA DE FRANJA DE SERVIDUMBRE
CP-SM-71-2024-ELSE-1,SERVICIO DE INVENTARIO DE DOCUMENTOS ARCHIVÍSTICOS CUSCO,1.0,Servicio,SERVICIO DE INVENTARIO DE BIENES PATRIMONIALES
CP-SM-28-2024-ELSE-1,MANTENIMIENTO DE ACOMETIDAS DE LA GERENCIA REGIONAL MADRE DE DIOS.,1.0,Servicio,SERVICIO DE SUBSANACION DE DEFICIENCIAS EN CONEXIONES DOMICILIARIAS DE RED DE ELECTRICA
CP-SM-20-2024-ELSE-1,SERVICIO DE MANTENIMIENTO 2025 - 2026 ANDAHUAYLAS,1.0,Servicio,SERVICIO DE MANTENIMIENTO PREVENTIVO DE REDES DE DISTRIBUCION ELECTRICA AEREA DE BAJA TENSION
CP-SM-22-2024-ELSE-1,SERVICIO DE ATENCION DE AVERIAS 2025-2026 ANDAHUAYLAS,1.0,Servicio,SERVICIO DE MANTENIMIENTO DE REDES ELECTRICAS POR EMERGENCIA
CP-SM-11-2024-ELSE-1,SERVICIO DE MANTENIMIENTO 2025 2026 ABANCAY,1.0,Servicio,SERVICIO DE MANTENIMIENTO PREVENTIVO DE REDES DE DISTRIBUCION ELECTRICA AEREA DE BAJA TENSION
CP-SM-32-2024-ELSE-1,SERVICIO DE EJECUCIÓN DE SANEAMIENTO DE ACOMETIDA APURÍMAC 2024,1.0,Servicio,SERVICIO DE INSTALACION DE RED COMPLEMENTARIA DE ALCANTARILLADO CON CONEXION DOMICILIARIA
CP-SM-68-2024-ELSE-1,SERVICIO DE INSPECCION TERMOGRÁFICA,1.0,Servicio,SERVICIO DE MANTENIMIENTO CORRECTIVO DE TERMO ELECTRICO
CP-SM-74-2024-ELSE-1,SERVICIO DE RENOVACION DE LOS SPAT,1.0,Servicio,SERVICIO DE MANTENIMIENTO DE SISTEMAS DE PUESTA A TIERRA
CP-SM-52-2024-ELSE-1,SERVICIO DE PINTADO DE TUBERÍAS DE PRESIÓN DE LAS CENTRALES HIDROELÉCTRICAS,1.0,Servicio,SERVICIO DE ESMERILADO Y PINTADO DE ESTRUCTURAS DE FIERRO
CP-SM-70-2024-ELSE-1,SERVICIO DE RED PRIVADA DE DATOS,1.0,Servicio,SERVICIO DE RED PRIVADA DE COMUNICACIONES - LINEA BANCARED
CP-SM-33-2024-ELSE-1,SUPERVISION DE PROCESOS DE MANTENIMIENTO Y OPERACIONES APURIMAC 2025- 2026,1.0,Servicio,SERVICIO DE MANTENIMIENTO PREVENTIVO DE REDES DE DISTRIBUCION ELECTRICA AEREA DE BAJA TENSION
CP-SM-4-2024-ELSE-1,SERVICIOS COMERCIALES LA CONVENCIÓN 2024 -2025,1.0,Servicio,"SERVICIO TECNICO COMERCIAL, REDUCCION Y CONTROL DE PERDIDAS DE ENERGIA EN BAJA TENSION"
AS-SM-79-2024-ELSE-1,SERVICIO DE MESA DE AYUDA DEL SIELSE,1.0,Servicio,SERVICIO DE MESA DE AYUDA
LP-SM-30-2024-ELSE-1,"REMODELACIÓN DE RED PRIMARIA Y RED SECUNDARIA; EN EL(LA) LOS ALIMENTADORES CO-02, CO-05, SI-01, SI-03 DE LOS DISTRITOS DE SAN PABLO Y SICUANI DE LA PROVINCIA DE CANCHIS Y EL DISTRITO DE CUSIPATA, PROVINCIA QUISPICANCHI, DEPARTAMENTO CUSCO",1.0,Servicio,REMODELACION DE REDES DE DISTRIBUCION ELECTRICA AEREA DE MEDIA TENSION Y BAJA TENSION
LP-SM-7-2024-ELSE-1,"CONSTRUCCIÓN DE LÍNEA PRIMARIA; RENOVACIÓN DE RED PRIMARIA; EN EL(LA) LOS ALIMENTADORES CP03 Y AN04 CON INTERCONEXIÓN DESDE QUEROBAMBA HASTA PALLCCA EN LA PROVINCIA DE SUCRE DEPARTAMENTO DE AYACUCHO Y LA PROVINCIA DE ANDAHUAYLAS, DISTRITO DE SORAYA, PROVINCIA AYMARAES, DEPARTAMENTO APURÍMAC",1.0,Unidad,AMPLIACION DE REDES DE DISTRIBUCION ELECTRICA AEREA DE MEDIA TENSION Y BAJA TENSION
CP-SM-75-2024-ELSE-1,SUPERVISIÓN DE OBRA: AMPLIACIÓN DEL SERVICIO DE SUMINISTRO ELÉCTRICO DOMICILIARIO EN ZONAS RURALES EN 5 UNIDADES PRODUCTORAS 5 DISTRITOS DE 4 PROVINCIAS DEL DEPARTAMENTO DE CUSCO,1.0,Servicio,SUPERVISION DE OBRA DE REMODELACION DE REDES DE DISTRIBUCION ELECTRICA AEREA DE MEDIA TENSION Y BAJA TENSION
CP-SM-76-2024-ELSE-1,"SUPERVISION DE OBRA ¿REMODELACIÓN DE RED PRIMARIA Y RED SECUNDARIA; EN EL(LA) LOS ALIMENTADORES UR01, PI01 EN LOS DISTRITOS DE HUAYLLABAMBA Y MARAS DE LA PROVINCIA DE URUBAMBA Y EL DISTRITO DE TARAY, PROVINCIA CALCA, DEPARTAMENTO CUSCO",1.0,Servicio,SUPERVISION DE OBRA DE REMODELACION DE REDES DE DISTRIBUCION ELECTRICA AEREA DE MEDIA TENSION Y BAJA TENSION
CP-SM-73-2024-ELSE-1,"SUPERVISIÓN DE LA OBRA: ¿CONSTRUCCIÓN DE LÍNEA PRIMARIA; RENOVACIÓN DE RED PRIMARIA; EN EL(LA) LOS ALIMENTADORES CP03 Y AN04 CON INTERCONEXIÓN DESDE QUEROBAMBA HASTA PALLCCA EN LA PROVINCIA DE SUCRE DEPARTAMENTO DE AYACUCHO Y LA PROVINCIA DE ANDAHUAYLAS, DISTRITO DE SORAYA, PROVINCIA AYMARAES, DEPARTAMENTO APURÍMAC",1.0,Servicio,SUPERVISION DE OBRA DE REMODELACION DE REDES DE DISTRIBUCION ELECTRICA AEREA DE MEDIA TENSION Y BAJA TENSION
CP-SM-72-2024-ELSE-1,"CONSULTORÍA SUPERVISIÓN DE OBRA: ¿REMODELACIÓN DE RED PRIMARIA Y RED SECUNDARIA; EN EL(LA) LOS ALIMENTADORES CO-02, CO-05, SI-01, SI-03 DE LOS DISTRITOS DE SAN PABLO Y SICUANI DE LA PROVINCIA DE CANCHIS Y EL DISTRITO DE CUSIPATA, PROVINCIA QUISPICANCHI, DEPARTAMENTO CUSCO",1.0,Servicio,SUPERVISION DE OBRA DE REMODELACION DE REDES DE DISTRIBUCION ELECTRICA AEREA DE MEDIA TENSION Y BAJA TENSION
CP-SM-52-2024-ELSE-1,SERVICIO DE PINTADO DE TUBERÍAS DE PRESIÓN DE LAS CENTRALES HIDROELÉCTRICAS,1.0,Servicio,SERVICIO DE ESMERILADO Y PINTADO DE ESTRUCTURAS DE FIERRO
CP-SM-50-2024-ELSE-1,SERVICIO DE ATENCION DE SISTEMAS FOTOVOLTAICOS DOMICILIARIOS  REGION CUSCO 2025 - 2026,1.0,Servicio,SERVICIO DE MANTENIMIENTO PREVENTIVO DE SISTEMAS FOTOVOLTAICOS DE TELECENTROS
CP-SM-38-2024-ELSE-1,SUPERVISION DE PROCESOS COMERCIALES APURIMAC 2025-2026,1.0,Servicio,"SERVICIO TECNICO COMERCIAL, REDUCCION Y CONTROL DE PERDIDAS DE ENERGIA EN BAJA TENSION"
CP-SM-16-2024-ELSE-1,SERVICIO TECNICO COMERCIAL ANDAHUAYLAS 2025 - 2026,1.0,Servicio,"SERVICIO TECNICO COMERCIAL, REDUCCION Y CONTROL DE PERDIDAS DE ENERGIA EN BAJA TENSION"
CP-SM-69-2024-ELSE-1,SERVICIO DE LEVANTAMIENTO DE DEFICIENCIAS MT PROCEDIMIENTO 228 - CUSCO SECTORES,1.0,Servicio,SERVICIO DE LEVANTAMIENTO DE OBSERVACIONES POR PROCEDIMIENTO DE DISTANCIAS MINIMAS DE SEGURIDAD EN REDES ELECTRICAS
CP-SM-17-2024-ELSE-1,SERVICIO TECNICO COMERCIAL ABANCAY 2025 - 2026,1.0,Servicio,"SERVICIO TECNICO COMERCIAL, REDUCCION Y CONTROL DE PERDIDAS DE ENERGIA EN BAJA TENSION"
LP-SM-30-2024-ELSE-1,"REMODELACIÓN DE RED PRIMARIA Y RED SECUNDARIA; EN EL(LA) LOS ALIMENTADORES CO-02, CO-05, SI-01, SI-03 DE LOS DISTRITOS DE SAN PABLO Y SICUANI DE LA PROVINCIA DE CANCHIS Y EL DISTRITO DE CUSIPATA, PROVINCIA QUISPICANCHI, DEPARTAMENTO CUSCO",1.0,Servicio,REMODELACION DE REDES DE DISTRIBUCION ELECTRICA AEREA DE MEDIA TENSION Y BAJA TENSION
LP-SM-7-2024-ELSE-1,"CONSTRUCCIÓN DE LÍNEA PRIMARIA; RENOVACIÓN DE RED PRIMARIA; EN EL(LA) LOS ALIMENTADORES CP03 Y AN04 CON INTERCONEXIÓN DESDE QUEROBAMBA HASTA PALLCCA EN LA PROVINCIA DE SUCRE DEPARTAMENTO DE AYACUCHO Y LA PROVINCIA DE ANDAHUAYLAS, DISTRITO DE SORAYA, PROVINCIA AYMARAES, DEPARTAMENTO APURÍMAC",1.0,Unidad,AMPLIACION DE REDES DE DISTRIBUCION ELECTRICA AEREA DE MEDIA TENSION Y BAJA TENSION
AS-SM-69-2024-ELSE-2,ADQUISICIÓN  DE COMBUSTIBLE PARA GENERACION MEDIANTE GRUPOS ELECTROGENOS,9000.0,Galon,DIESEL B5 S-50
SIE-SIE-4-2024-ELSE-2,ADQUISICIÓN  DE COMBUSTIBLE PARA PARQUE AUTOMOTOR PARA MADRE DE DIOS,17800.0,Galon,DIESEL B5 S-50
AS-SM-30-2024-ELSE-1,SERVICIO DE MANTENIMIENTO DE GRUPOS MÓVILES DE EMERGENCIA,1.0,Servicio,SERVICIO DE MANTENIMIENTO PREVENTIVO DE GRUPO ELECTROGENO
LP-SM-28-2024-ELSE-1,"REMODELACIÓN DE RED PRIMARIA Y RED SECUNDARIA; EN EL(LA) LOS ALIMENTADORES UR01, PI01 EN LOS DISTRITOS DE HUAYLLABAMBA Y MARAS DE LA PROVINCIA DE URUBAMBA Y EL DISTRITO DE TARAY, PROVINCIA CALCA, DEPARTAMENTO CUSCO",1.0,Servicio,REMODELACION DE REDES DE DISTRIBUCION ELECTRICA AEREA DE MEDIA TENSION Y BAJA TENSION
AS-SM-31-2024-ELSE-1,SERVICIO DE FUMIGACIÓN Y MANTENIMIENTO DE AGUA DE LAS INSTALACIONES DE ELSE,1.0,Servicio,SERVICIO DE FUMIGACION Y DESINFECCION DE LOCALES
CP-SM-31-2024-ELSE-1,SERVICIO DE MANTENIMIENTO DE ACOMETIDAS DOMICILIARIAS DIVISION VILCANOTA 2024,1.0,Servicio,SERVICIO DE SUBSANACION DE DEFICIENCIAS EN CONEXIONES DOMICILIARIAS DE RED DE ELECTRICA
LP-SM-11-2024-ELSE-1,"SALDO DE OBRA: RENOVACIÓN DE RED PRIMARIA, EN EL(LA) PROCEDIMIENTO 228 OSINERGMIN POR SUBSANACIÓN DE DEFICIENCIAS RED MT, EN LOS DTTOS. DE LA PROV. DE COTABAMBAS DEL DPTO. DE APURÍMAC Y EN LOS DTTOS. DE LAS PROV. DE CANAS, ACOMAYO, QUISPICANCHI",1.0,Servicio,REMODELACION DE REDES DE DISTRIBUCION ELECTRICA AEREA DE MEDIA TENSION Y BAJA TENSION
CP-SM-12-2024-ELSE-1,"SERVICIO DE COMERCIALIZACION REPARTO, LECTURA, COBRANZA Y ATENCION AL CLIENTE  ABANCAY 2025  2026",1.0,Servicio,"SERVICIO TECNICO COMERCIAL, REDUCCION Y CONTROL DE PERDIDAS DE ENERGIA EN BAJA TENSION"
CP-SM-13-2024-ELSE-1,"SERVICIO DE COMERCIALIZACION REPARTO, LECTURA, COBRANZA Y ATENCION AL CLIENTE ANDAHUAYLAS 2025  2026",1.0,Servicio,"SERVICIO TECNICO COMERCIAL, REDUCCION Y CONTROL DE PERDIDAS DE ENERGIA EN BAJA TENSION"
CP-SM-10-2024-ELSE-1,SERVICIO DE ATENCION DE ACTIVIDADES COMERCIALES DIVISION VILCANOTA 2025  2026,1.0,Servicio,"SERVICIO TECNICO COMERCIAL, REDUCCION Y CONTROL DE PERDIDAS DE ENERGIA EN BAJA TENSION"
LP-SM-27-2024-ELSE-1,ADQUISICIÓN DE INTERRUPTORES DE POTENCIA (13.2KV) PARA LA SET ANDAHUAYLAS,3.0,Unidad,INTERRUPTOR DE POTENCIA TRIPOLAR TRIFASICO DE 60 KV
AS-SM-78-2024-ELSE-1,SERVICIO DE MANTENIMIENTO DE SUBESTACIONES DE TRANSFORMACION Y SUMINISTRO DE REPUESTOS.,1.0,Servicio,SERVICIO DE MANTENIMIENTO DE SUBESTACION DE POTENCIA
AS-SM-78-2024-ELSE-1,SERVICIO DE MANTENIMIENTO DE SUBESTACIONES DE TRANSFORMACION Y SUMINISTRO DE REPUESTOS.,1.0,Servicio,SERVICIO DE MANTENIMIENTO DE SUBESTACION DE POTENCIA
AS-SM-24-2024-ELSE-1,SERVICIO DE MANTENIMIENTO DE VEHICULOS DE CARGA LIVIANA - MADRE DE DIOS,1.0,Servicio,SERVICIO DE MANTENIMIENTO CORRECTIVO DE SISTEMA DE SUSPENSION DE VEHICULO
AS-SM-19-2024-ELSE-1,SERVICIO DE MANTENIMIENTO DE VEHICULOS DE CARGA PESADA - MADRE DE DIOS,1.0,Servicio,SERVICIO DE MANTENIMIENTO CORRECTIVO DE SISTEMA DE SUSPENSION DE VEHICULO
AS-SM-77-2024-ELSE-1,ADQUISICIÓN DE CALENDARIOS DE PARED,53000.0,Unidad,CALENDARIO DE PARED
AS-SM-76-2024-ELSE-1,SUBSANACION DE DMS PROCEDIMIENTO 228 OSINERGMIN MADRE DE DIOS,1.0,Servicio,SERVICIO DE REUBICACION REDES DE DISTRIBUCION ELECTRICA AEREA DE MEDIA TENSION Y BAJA TENSION
LP-SM-28-2024-ELSE-1,"REMODELACIÓN DE RED PRIMARIA Y RED SECUNDARIA; EN EL(LA) LOS ALIMENTADORES UR01, PI01 EN LOS DISTRITOS DE HUAYLLABAMBA Y MARAS DE LA PROVINCIA DE URUBAMBA Y EL DISTRITO DE TARAY, PROVINCIA CALCA, DEPARTAMENTO CUSCO",1.0,Servicio,REMODELACION DE REDES DE DISTRIBUCION ELECTRICA AEREA DE MEDIA TENSION Y BAJA TENSION
AS-SM-33-2024-ELSE-1,EXAMEN MEDICO OCUPACIONAL,1.0,Servicio,SERVICIO DE CONTROL Y SEGUIMIENTO MEDICO OCUPACIONAL
LP-SM-6-2024-ELSE-1,PAQUETE 4: FERRETERIA ELECTRICA,20750.0,Unidad,PASTORAL DE FIERRO GALVANIZADO DE 38 mm X 500 mm X 1000 mm X 20º
LP-SM-6-2024-ELSE-1,PAQUETE 2: CONECTORES,18600.0,Unidad,CONECTOR DE CABLE ELECTRICO TIPO CUÑA DE ALUMINIO/COBRE DE 60-120 mm2 - 10-70 mm2
LP-SM-6-2024-ELSE-1,PAQUETE 3: ARMADOS,1600.0,Unidad,CRUCETA DE FIERRO GALVANIZADO DE 2 1/2 in X 2 1/2 in X 1/4 in X 2.00 m PARA POSTE DE ENERGIA ELECTRICA
LP-SM-6-2024-ELSE-1,PAQUETE 5:RETENIDA SIMPLE MT,300.0,Unidad,RETENIDA OBLICUA PARA MEDIA TENSION
LP-SM-6-2024-ELSE-1,PAQUETE 1 : EMPALMES,450.0,Unidad,EMPALME RECTO PARA CABLE NYY 70 mm2 1KV
CP-SM-67-2024-ELSE-1,SERVICIO PARA LIMPIEZA DE FRANJA DE SERVIDUMBRE EN LÍNEAS DE MT - LA CONVENCIÓN,1.0,Servicio,SERVICIO DE LIMPIEZA DE FRANJA DE SERVIDUMBRE
LP-SM-6-2024-ELSE-1,PAQUETE 2: CONECTORES,18600.0,Unidad,CONECTOR DE CABLE ELECTRICO TIPO CUÑA DE ALUMINIO/COBRE DE 60-120 mm2 - 10-70 mm2
CP-SM-39-2024-ELSE-1,SERVICIOS DE MEDICIÓN Y PROCESAMIENTO DE INFORMACIÓN PARA LA NTCSE Y NTCSER,1.0,Servicio,SERVICIO DE PROCESAMIENTO DE INFORMACION
AS-SM-75-2024-ELSE-1,"SERVICIO DE SEGUIMIENTO, CONTROL Y NORMALIZACIÓN DE GRANDES CLIENTES",1.0,Servicio,SERVICIO DE ATENCION AL CLIENTE
CP-SM-24-2024-ELSE-1,SERVICIO DE ATENCION AL CLIENTE FISE,1.0,Servicio,"SERVICIO TECNICO COMERCIAL, REDUCCION Y CONTROL DE PERDIDAS DE ENERGIA EN BAJA TENSION"
AS-SM-12-2024-ELSE-1,ADQUISICIÓN  DE TARJETAS DE CONSUMO NAVIDAD,238.0,Unidad,TARJETA ELECTRONICA PARA CONSUMO DE ALIMENTOS
SIE-SIE-4-2024-ELSE-1,ADQUISICIÓN  DE COMBUSTIBLE PARA PARQUE AUTOMOTOR PARA MADRE DE DIOS,17800.0,Galon,DIESEL B5 S-50
AS-SM-74-2024-ELSE-1,SERVICIO MEJORAMIENTO DE ACOMETIDAS DOMICILIARIAS LA CONVENCIÓN 2024-2025,1.0,Servicio,SERVICIO DE SUBSANACION DE DEFICIENCIAS EN CONEXIONES DOMICILIARIAS DE RED DE ELECTRICA
LP-SM-23-2024-ELSE-1,ADQUISICIÓN DE TARJETAS ELECTRÓNICAS PARA EL CONSUMO DE ALIMENTOS DE LOS TRABAJADORES DE ELECTRO SUR ESTE S.A.A,1.0,Unidad,TARJETA ELECTRONICA PARA CONSUMO DE ALIMENTOS
CP-SM-65-2024-ELSE-1,SERVICIO DE MANTENIMIENTO ESPECIALIZADO DE CAMBIADORES DE TOMA BAJO CARGA (OLTC) DE TRANSFORMADORES DE POTENCIA DE ELSE,1.0,Servicio,SERVICIO DE MANTENIMIENTO PREVENTIVO DE TRANSFORMADORES DE POTENCIA
LP-SM-17-2024-ELSE-1,ADQUISICIÓN DE MEDIDORES MULTIFUNCIÓN,300.0,Unidad,MEDIDOR DIGITAL MULTIFUNCION TRIFASICO CON MODEM 3G
CP-SM-66-2024-ELSE-1,"SERVICIO DE LIMPIEZA DE FRANJA DE SERVIDUMBRE Y CORTE DE ARBOLES MT, REGION CUSCO",1.0,Servicio,SERVICIO DE LIMPIEZA DE FRANJA DE SERVIDUMBRE
CP-SM-44-2024-ELSE-1,ATENCION DE RECLAMOS DE LA GERENCIA REGIONAL MADRE DE DIOS,1.0,Servicio,SERVICIO DE DESARROLLO DE SISTEMA DE ATENCION DE RECLAMOS
CP-SM-8-2024-ELSE-1,SERVICIO DE GESTIÓN COMERCIAL CUSCO Y PARURO,1.0,Servicio,"SERVICIO TECNICO COMERCIAL, REDUCCION Y CONTROL DE PERDIDAS DE ENERGIA EN BAJA TENSION"
LP-SM-24-2024-ELSE-1,CAJATOMA METÁLICA TRIFASICA ELSE 2,7300.0,Unidad,CAJA PARA MEDIDOR TRIFASICO DE METAL DE 60 cm X 65 cm X 20 cm
LP-SM-24-2024-ELSE-1,CAJATOMA METÁLICA MONOFÁSICA ELSE 1,36500.0,Unidad,CAJA PARA MEDIDOR TRIFASICO DE METAL DE 60 cm X 65 cm X 20 cm
AS-SM-72-2024-ELSE-1,SERVICIO DE EMPASTADO DE DOCUMENTOS ADMINISTRATIVOS DE LA SEDE CUSCO DE ELECTRO SUR ESTE S.A.A.,1.0,Servicio,SERVICIO DE EMPASTADO
AS-SM-71-2024-ELSE-1,"Supervisión de Obra: Mejoramiento y ampliación el servicio de distribución de energía eléctrica en el alimentador AN04 de los sectores de Sucaraylla, Anccaraylla, Huaracco Occo, Yanayocc y Cumanaylla distrito de Andahuaylas de la provincia de Andahuaylas del departamento de Apurímac",1.0,Servicio,SUPERVISION DE OBRA DE REMODELACION DE REDES DE DISTRIBUCION ELECTRICA AEREA DE MEDIA TENSION Y BAJA TENSION
AS-SM-73-2024-ELSE-1,CABLE CONCENTRICO DE ALUMINIO DE 2 X 6 mm2,36000.0,Metro,CABLE ELECTRICO FLEXIBLE DE ALUMINIO TIPO CONCENTRICO DE 2 X 6 mm2
AS-SM-73-2024-ELSE-1,CABLE CONCENTRICO DE ALUMINIO DE 2 X 16 mm2,70000.0,Metro,CABLE ELECTRICO FLEXIBLE DE ALUMINIO TIPO CONCENTRICO DE 2 X 16 mm2
CP-SM-42-2024-ELSE-1,SERVICIO DE IMPRESION DE RECIBOS,1.0,Servicio,SERVICIO DE IMPRESIONES EN PAPEL
AS-SM-72-2024-ELSE-1,SERVICIO DE EMPASTADO DE DOCUMENTOS ADMINISTRATIVOS DE LA SEDE CUSCO DE ELECTRO SUR ESTE S.A.A.,1.0,Servicio,SERVICIO DE EMPASTADO
AS-SM-70-2024-ELSE-1,ZAPATO DE CUERO TIPO BOTÍN DIELÉCTRICO,294.0,Unidad,BOTIN DE CUERO DIELECTRICO DE 18 KV PUNTA ESTANDAR
AS-SM-70-2024-ELSE-1,CONJUNTO DENIM - OXFORD,1.0,Unidad,PANTALON DE DENIM EN LANA 49 % POLIESTER 21%  Y ALGODON 29 % SARGA DE 254 g/m2 APROX. DE 2/44 Nm Y 50/2 Nm MODELO CLASICO PARA CABALLERO
AS-SM-70-2024-ELSE-1,TELAS,1.0,Unidad,
LP-SM-16-2024-ELSE-1,ADQUISICIÓN DE CLÚSTER DE RED PRIVADA,1.0,Unidad,"SERVIDOR TIPO RACK CON PROCESADOR DE 3.3 GHZ, MEMORIA RAM 1024 GB, DISCO DURO 4 TB, 1 RU"
AS-SM-15-2024-ELSE-1,SERVICIO DE LIMPIEZA Y FUMIGACIÓN DE AMBIENTES Y LOCALES DE LA GERENCIA REGIONAL MADRE DE DIOS,1.0,Servicio,SERVICIO DE LIMPIEZA Y FUMIGACIÓN DE LOCAL
CP-SM-3-2024-ELSE-1,SERVICIO DE ACTIVIDADES TÉCNICO COMERCIALES CUSCO Y PARURO,1.0,Servicio,"SERVICIO TECNICO COMERCIAL, REDUCCION Y CONTROL DE PERDIDAS DE ENERGIA EN BAJA TENSION"
CP-SM-41-2024-ELSE-1,SERVICIO DE GESTIÓN DEL CONSUMO DE ALUMBRADO PÚBLICO CUSCO,1.0,Servicio,SERVICIO DE MANTENIMIENTO DE ALUMBRADO PUBLICO
CP-SM-63-2024-ELSE-1,Centro de atención Valle Sagrado,1.0,Servicio,"SERVICIO TECNICO COMERCIAL, REDUCCION Y CONTROL DE PERDIDAS DE ENERGIA EN MEDIA TENSION"
CP-SM-63-2024-ELSE-1,Centro de atención Provincias Altas,1.0,Servicio,"SERVICIO TECNICO COMERCIAL, REDUCCION Y CONTROL DE PERDIDAS DE ENERGIA EN MEDIA TENSION"
CP-SM-63-2024-ELSE-1,Centro de atención Vilcanota,1.0,Servicio,"SERVICIO TECNICO COMERCIAL, REDUCCION Y CONTROL DE PERDIDAS DE ENERGIA EN MEDIA TENSION"
CP-SM-63-2024-ELSE-1,Centro de atención Quispicanchi,1.0,Servicio,"SERVICIO TECNICO COMERCIAL, REDUCCION Y CONTROL DE PERDIDAS DE ENERGIA EN MEDIA TENSION"
CP-SM-63-2024-ELSE-1,Centro de atención Cusco,1.0,Servicio,"SERVICIO TECNICO COMERCIAL, REDUCCION Y CONTROL DE PERDIDAS DE ENERGIA EN MEDIA TENSION"
CP-SM-63-2024-ELSE-1,Centro de atención La Convención,1.0,Servicio,"SERVICIO TECNICO COMERCIAL, REDUCCION Y CONTROL DE PERDIDAS DE ENERGIA EN MEDIA TENSION"
CP-SM-63-2024-ELSE-1,Centro de atención Anta,1.0,Servicio,"SERVICIO TECNICO COMERCIAL, REDUCCION Y CONTROL DE PERDIDAS DE ENERGIA EN MEDIA TENSION"
AS-SM-57-2024-ELSE-1,SERVICIO DE MONITOREO SATELITAL GPS Y TRANSMISIÓN DE DATOS,1.0,Servicio,SERVICIO DE CONTROL SATELITAL DE VEHICULOS POR GPS
CP-SM-46-2024-ELSE-1,SERVICIO DE MESA DE AYUDA DEL SIELSE,1.0,Servicio,SERVICIO DE MESA DE AYUDA
CP-SM-46-2024-ELSE-1,SERVICIO DE MESA DE AYUDA DEL SIELSE,1.0,Servicio,SERVICIO DE MESA DE AYUDA
AS-SM-13-2024-ELSE-1,"SUPERVISION DE OBRA: CREACION DE ALMACEN DE ELECTRO SUR ESTE QORIMARCA EN EL SECTOR DE CHINCHERO, DISTRITO DE CHINCHERO, PROVINCIA DE URUBAMBA, DEPARTAMENTO DE CUSCO",1.0,Servicio,SUPERVISION DE OBRA DE CONSTRUCCION DE ALMACEN
CP-SM-27-2024-ELSE-1,SUBSANACION DE DMS PROCEDIMIENTO 228 OSINERGMIN MADRE DE DIOS,1.0,Servicio,SERVICIO DE REUBICACION REDES DE DISTRIBUCION ELECTRICA AEREA DE MEDIA TENSION Y BAJA TENSION
AS-SM-39-2024-ELSE-1,ADQUISICIÓN DE FERRETERÍA ELÉCTRICA PARA LOS SISTEMAS DE TRANSMISIÓN,1.0,Unidad,CADENA DE AISLADORES (INCL. 2 AISLADORES DE SUPENSION DE PORCELANA CLASE ANSI 52-3+ACC. DE CADENA)
CP-SM-27-2024-ELSE-1,SUBSANACION DE DMS PROCEDIMIENTO 228 OSINERGMIN MADRE DE DIOS,1.0,Servicio,SERVICIO DE REUBICACION REDES DE DISTRIBUCION ELECTRICA AEREA DE MEDIA TENSION Y BAJA TENSION
LP-SM-22-2024-ELSE-1,"MEJORAMIENTO Y AMPLIACIÓN DEL SERVICIO DE DISTRIBUCIÓN DE ENERGÍA ELÉCTRICA EN EL ALIMENTADOR AN04 DE LOS SECTORES DE SUCARAYLLA, ANCCARAYLLA, HUARACCO OCCO, YANAYOCC Y CUMANAYLLA DISTRITO DE ANDAHUAYLAS DE LA PROVINCIA DE ANDAHUAYLAS DEL DEPARTAMENTO DE APURÍMAC",1.0,Servicio,REMODELACION DE REDES DE DISTRIBUCION ELECTRICA AEREA DE MEDIA TENSION Y BAJA TENSION
LP-SM-9-2024-ELSE-1,FIREWALL OT,32.0,Unidad,EQUIPO FIREWALL DE SEGURIDAD PARA RED
LP-SM-9-2024-ELSE-1,EQUIPO DE DETECCION Y RESPUESTA (NDR),1.0,Unidad,SISTEMA DE PROTECCION Y SEGURIDAD PARA RED - DETECCION DE MALWARE Y VIRUS EN LA RED
LP-SM-9-2024-ELSE-1,SEGURIDAD DE APLIACACIONES  WAF - WAAP,1.0,Unidad,SOLUCION DE SEGURIDAD PERIMETRAL PARA APLICACIONES WEB
LP-SM-9-2024-ELSE-1,SEGURIDAD DE CORREO,600.0,Unidad,SOFTWARE (INC. LICENCIA) ANTISPAM
LP-SM-9-2024-ELSE-1,SEGURIDAD DE ENDPOINT,1.0,Unidad,
LP-SM-9-2024-ELSE-1,FIREWALL TI,1.0,Unidad,
CP-SM-29-2024-ELSE-1,SERVICIOS DE LIMPIEZA DE LOS AMBIENTES INSTITUCIONALES REGION CUSCO,1.0,Servicio,SERVICIO DE LIMPIEZA Y FUMIGACIÓN DE LOCAL
AS-SM-58-2024-ELSE-1,"SALDO DE OBRA: REMODELACIÓN DE CERCO PERIMETRICO EN EL(LA) LOCAL DE LA OFICINA, CENTRALES Y DEPÓSITOS DE ELECTRO SUR ESTE S.A.A, DEL DISTRITO DE IBERIA DE LA PROVINCIA DE TAHUAMANU Y DEL DISTRITO DE TAMBOPATA, PROVINCIA TAMBOPATA, DEPARTAMENTO MADRE DE DIOS",1.0,Servicio,REMODELACION DE CERCO PERIMETRICO
CP-SM-62-2024-ELSE-1,SERVICIO DE COMUNICACIONES DE ENLACES SATELITALES,1.0,Servicio,SERVICIO DE INTERNET SATELITAL
AS-SM-52-2024-ELSE-2,SERVICIO DE CALIBRACION DE EQUIPOS PARA MEDICIÓN DE LA NTCSE,1.0,Servicio,SERVICIO DE CALIBRACION DE EQUIPO DE MEDICION Y REGISTRO DE CALIDAD DE TENSION
CP-SM-2-2024-ELSE-1,SERVICIO DE MANTENIMIENTO DE SUBESTACIONES DE TRANSFORMACION Y SUMINISTRO DE REPUESTOS.,1.0,Servicio,SERVICIO DE MANTENIMIENTO DE SUBESTACION DE POTENCIA
AS-SM-21-2024-ELSE-1,TRANSPORTE DE MATERIALES Y EQUIPOS AL ALMACEN DE PUERTO MALDONADO,1.0,Servicio,SERVICIO DE TRANSPORTE DE CARGA TERRESTRE NACIONAL
LP-SM-12-2024-ELSE-1,"CREACION DE ALMACEN DE ELECTRO SUR ESTE QORIMARCA EN EL SECTOR DE CHINCHERO, DISTRITO DE CHINCHERO, PROVINCIA DE URUBAMBA, DEPARTAMENTO DE CUSCO",1.0,Servicio,CONSTRUCCION DE ALMACENES
AS-SM-29-2024-ELSE-1,SERVICIO DE MEDICO OCUPACIONAL,1.0,Servicio,SERVICIO MEDICO OCUPACIONAL PARA EL CONTROL Y SEGUIMIENTO DE CASOS COVID-19
LP-SM-9-2024-ELSE-1,FIREWALL OT,32.0,Unidad,EQUIPO FIREWALL DE SEGURIDAD PARA RED
LP-SM-9-2024-ELSE-1,EQUIPO DE DETECCION Y RESPUESTA (NDR),1.0,Unidad,SISTEMA DE PROTECCION Y SEGURIDAD PARA RED - DETECCION DE MALWARE Y VIRUS EN LA RED
LP-SM-9-2024-ELSE-1,SEGURIDAD DE APLIACACIONES  WAF - WAAP,1.0,Unidad,SOLUCION DE SEGURIDAD PERIMETRAL PARA APLICACIONES WEB
LP-SM-9-2024-ELSE-1,SEGURIDAD DE CORREO,600.0,Unidad,SOFTWARE (INC. LICENCIA) ANTISPAM
LP-SM-9-2024-ELSE-1,SEGURIDAD DE ENDPOINT,1.0,Unidad,
LP-SM-9-2024-ELSE-1,FIREWALL TI,1.0,Unidad,
CP-SM-26-2024-ELSE-1,SERVICIO MEJORAMIENTO DE ACOMETIDAS DOMICILIARIAS LA CONVENCIÓN 2024-2025,1.0,Servicio,SERVICIO DE SUBSANACION DE DEFICIENCIAS EN CONEXIONES DOMICILIARIAS DE RED DE ELECTRICA
CP-SM-62-2024-ELSE-1,SERVICIO DE COMUNICACIONES DE ENLACES SATELITALES,1.0,Servicio,SERVICIO DE INTERNET SATELITAL
LP-SM-12-2024-ELSE-1,"CREACION DE ALMACEN DE ELECTRO SUR ESTE QORIMARCA EN EL SECTOR DE CHINCHERO, DISTRITO DE CHINCHERO, PROVINCIA DE URUBAMBA, DEPARTAMENTO DE CUSCO",1.0,Servicio,CONSTRUCCION DE ALMACENES
AS-SM-69-2024-ELSE-1,ADQUISICIÓN  DE COMBUSTIBLE PARA GENERACION MEDIANTE GRUPOS ELECTROGENOS,20000.0,Galon,DIESEL B5 S-50
AS-SM-41-2024-ELSE-1,IDENTIFICACIÓN DE PÉRDIDAS POR TRAMOS DE MT,1.0,Servicio,"SERVICIO TECNICO COMERCIAL, REDUCCION Y CONTROL DE PERDIDAS DE ENERGIA EN MEDIA Y BAJA TENSION"
AS-SM-68-2024-ELSE-1,SERVICIO DE REPARTO DE RECIBOS DE LOS SFV-RER,1.0,Servicio,SERVICIO DE REPARTO DE RECIBOS A DOMICILIO
AS-SM-68-2024-ELSE-1,SERVICIO DE REPARTO DE RECIBOS DE LOS SFV-RER,1.0,Servicio,SERVICIO DE REPARTO DE RECIBOS A DOMICILIO
AS-SM-38-2024-ELSE-1,SERVICIO DE LIMPIEZA DE LOS AMBIENTES Y LOCALES DE LA GERENCIA APURÍMAC,1.0,Servicio,SERVICIO DE LIMPIEZA Y FUMIGACIÓN DE LOCAL
CP-SM-45-2024-ELSE-1,MANTENIMIENTO DE VEHICULOS DE CARGA PESADA CUSCO,1.0,Servicio,SERVICIO DE MANTENIMIENTO CORRECTIVO DE SISTEMA DE SUSPENSION DE VEHICULO
AS-SM-13-2023-ELSE-2,ADQUISICIÓN DE TUBOS PARA EL SOTERRAMIENTO DE REDES,1.0,Unidad,TUBO PARA INSTALACIONES ELECTRICAS DE PVC SAP DE 4 in X 3 m
AS-SM-38-2024-ELSE-1,SERVICIO DE LIMPIEZA DE LOS AMBIENTES Y LOCALES DE LA GERENCIA APURÍMAC,1.0,Servicio,SERVICIO DE LIMPIEZA Y FUMIGACIÓN DE LOCAL
AS-SM-66-2024-ELSE-1,SOPORTE DE GESTIÓN AMBIENTAL ANTE OEFA,1.0,Servicio,SERVICIO DE CONTROL POR MONITOREO AMBIENTAL
CP-SM-1-2024-ELSE-1,RESGUARDO Y VIGILANCIA DE LOS LOCALES DE ELECTRO SUR ESTE S.A.A.,1.0,Servicio,SERVICIO DE SEGURIDAD Y VIGILANCIA
AS-SM-5-2024-ELSE-1,"SALDO DE OBRA: REMODELACIÓN DE ALMACÉN O DEPOSITO, EN EL (LA) CENTRAL TÉRMICA DE PUERTO MALDONADO ELECTRO SUR ESTE S.A.A. EN LA LOCALIDAD DE PUERTO MALDONADO, DISTRITO DE TAMBOPATA, PROVINCIA DE TAMBOPATA, DEPARTAMENTO MADRE DE DIOS",1.0,Servicio,REMODELACION DE ALMACEN
CP-SM-1-2024-ELSE-1,RESGUARDO Y VIGILANCIA DE LOS LOCALES DE ELECTRO SUR ESTE S.A.A.,1.0,Servicio,SERVICIO DE SEGURIDAD Y VIGILANCIA
AS-SM-44-2024-ELSE-2,SERVICIO DE DETERMINACIÓN DE PÉRDIDAS POR SEDS,1.0,Servicio,"SERVICIO TECNICO COMERCIAL, REDUCCION Y CONTROL DE PERDIDAS DE ENERGIA EN MEDIA Y BAJA TENSION"
AS-SM-20-2024-ELSE-1,CELULA FOTOELECTRICA 10A/BASE METALICA,8000.0,Unidad,FOTOCELDA CREPUSCULAR PARA ENCENDIDO DE ALUMBRADO
CP-SM-60-2024-ELSE-1,SERVICIO DE CONEXIÓN DEDICADA A INTERNET,1.0,Servicio,SERVICIO DE LINEA DEDICADA A INTERNET DE 150 MBPS
CP-SM-9-2024-ELSE-1,SERVICIO DE CENTROS DE ATENCIÓN REGIÓN CUSCO 2024 - 2025,1.0,Servicio,"SERVICIO TECNICO COMERCIAL, REDUCCION Y CONTROL DE PERDIDAS DE ENERGIA EN BAJA TENSION"
AS-SM-36-2024-ELSE-1,ADQUISICIÓN DE REGISTRADORES MONOFASICOS,100.0,Unidad,CONTRASTADOR PORTATIL MONOFASICO
AS-SM-52-2024-ELSE-1,SERVICIO DE CALIBRACION DE EQUIPOS PARA MEDICIÓN DE LA NTCSE,1.0,Servicio,SERVICIO DE CALIBRACION DE EQUIPO DE MEDICION Y REGISTRO DE CALIDAD DE TENSION
SIE-SIE-2-2024-ELSE-1,ADQUISICIÓN  DE COMBUSTIBLE PARA GENERACION MEDIANTE GRUPOS ELECTROGENOS,20000.0,Galon,DIESEL B5 S-50
CP-SM-58-2024-ELSE-1,"SUPERVISIÓN DE ELABORACIÓN DE EXPEDIENTE TÉCNICO Y EJECUCIÓN DE OBRA: AMPLIACIÓN DE LA SUBESTACIÓN QUENCORO 138 KV, CELDA DE TRANSFORMACIÓN PLAN MAESTRO 138/34.4/10.5 KV DEL DISTRITO DE SAN JERÓNIMO, PROVINCIA DEL CUSCO, DEPARTAMENTO DEL CUSCO",1.0,Servicio,SUPERVISION DE ELABORACION DE EXPEDIENTE TECNICO PARA PROYECTO DE INVERSION
AS-SM-35-2024-ELSE-1,SUPERVISIÓN DE ASPECTOS DE SEGURIDAD Y MEDIO AMBIENTE EN ELSE,1.0,Servicio,SERVICIO DE SUPERVISION Y CONTROL DE LA PROMOCION DE LA CALIDAD AMBIENTAL
AS-SM-64-2024-ELSE-1,MUESTREO DE TRANSFORMADORES Y CONDENSADORES CON PCB,1.0,Servicio,SERVICIO DE ANALISIS DE ACEITES Y GRASAS
AS-SM-44-2023-ELSE-2,SERVICIO DE CONFECCION DE LETREROS Y AUTOADHESIVOS PARA CODIFICACION EN ESTRUCTURAS DE TRANSMISIÓN,1.0,Servicio,SERVICIO DE CONFECCION DE LETREROS DE SEÑALIZACION CON LOGOTIPO DE ENTIDAD
CP-SM-59-2024-ELSE-1,SERVICIO DE ENVIO DE MENSAJES SMS A CLIENTES,1.0,Servicio,SERVICIO DE MENSAJERIA ELECTRONICA EN LA NUBE
SIE-SIE-7-2024-ELSE-1,ADQUISICIÓN DE COMBUSTIBLE PARA UNIDADES VEHICULARES ANTA,4000.0,Galon,DIESEL B5 S-50
AS-SM-27-2024-ELSE-1,"SERVICIO DE TRASVASE, TRANSPORTE Y DISPOSICIÓN DE RESIDUOS SOLIDOS",1.0,Servicio,"SERVICIO DE DISPOSICION FINAL DE RESIDUOS LIQUIDOS (RECOJO, TRANSPORTE, TRATAMIENTO)"
AS-SM-44-2024-ELSE-1,SERVICIO DE DETERMINACIÓN DE PÉRDIDAS POR SEDS,1.0,Servicio,"SERVICIO TECNICO COMERCIAL, REDUCCION Y CONTROL DE PERDIDAS DE ENERGIA EN MEDIA Y BAJA TENSION"
AS-SM-1-2024-ELSE-1,"SALDO DE OBRA: RENOVACIÓN DE LÍNEA PRIMARIA, EN EL(LA) SALIDA DE LA TRONCAL, DE LOS ALIMENTADORES EN 13.2 KV Y 22.9 KV DE LA SET ANDAHUAYLAS DEL DISTRITO DE ANDAHUAYLAS, PROVINCIA ANDAHUAYLAS, DEPARTAMENTO APURÍMAC",1.0,Servicio,REMODELACION DE REDES DE DISTRIBUCION ELECTRICA AEREA DE MEDIA TENSION Y BAJA TENSION
AS-SM-63-2024-ELSE-1,PARARRAYOS PARA LINEAS DE TRANSMISION,1.0,Unidad,PARARRAYOS DE LINEA DE OXIDO METALICO DE ZINC DE 72 KV CLASE 2
CP-SM-37-2024-ELSE-1,SERVICIO DE REPARACION Y MANTENIMIENTO DE TRANSFORMADORES DE DISTRIBUCION PARA CONTINGENCIAS,1.0,Servicio,SERVICIO DE MANTENIMIENTO PREVENTIVO DE TRANSFORMADORES DE POTENCIA
AS-SM-23-2024-ELSE-1,SERVICIO DE MESA DE AYUDA DE SOPORTE A USUARIOS E INFRAESTRUCTURA,1.0,Servicio,SERVICIO DE MESA DE AYUDA
AS-SM-61-2024-ELSE-1,"SALDO DE OBRA MEJORAMIENTO Y AMPLIACIÓN EN MEDIA TENSIÓN Y BAJA TENSIÓN DE 16 SECTORES DEL DISTRITO DE MARAS, PROVINCIA DE URUBAMBA, DEPARTAMENTO DE CUSCO",1.0,Servicio,REMODELACION DE REDES DE DISTRIBUCION ELECTRICA AEREA DE MEDIA TENSION Y BAJA TENSION
AS-SM-28-2024-ELSE-1,SERVICIO DE VERIFICACION POST OPERACIÓN DE LOS SISTEMAS FOTOVOLTAICOS-RER,1.0,Servicio,SERVICIO DE VERIFICACION DE SISTEMAS FOTOVOLTAICOS INSTALADOS
LP-SM-2-2024-ELSE-1,ADQUISICIÓN DE TRANSFORMADOR DE POTENCIA 60/22.9KV-9MVA Y EQUIPAMIENTO DE B4CELDA DE TRANSFORMADOR DE 60KV Y DE CELDA DE TRANSFORMADOR DE 22.9KV,1.0,Unidad,TRANSFORMADOR DE POTENCIA TRIFASICO DE 25/25/8 - 30/30/10 MVA 60/22.9/13.2 KV
CP-SM-47-2024-ELSE-1,SERVICIO PARA LA ATENCIÓN DE PROCEDIMIENTOS ADMINISTRATIVOS DE RECLAMOS EN LA REGIÓN CUSCO 2024-2025,1.0,Servicio,SERVICIO DE SUPERVISION DE PLATAFORMA PARA ATENCION AL CLIENTE
AS-SM-62-2024-ELSE-1,"SERVICIO DE LEVANTAMIENTO DE DEFICIENCIAS MT APURÍMAC; ANDAHUAYLAS Y SECTORES; GERENCIA REGIÓN APURÍMAC, 2023-2024",1.0,Servicio,"SERVICIO DE LEVANTAMIENTO DE DEFICIENCIAS MT APURÍMAC; ANDAHUAYLAS Y SECTORES; GERENCIA REGIÓN APURÍMAC, 2023-2024"
AS-SM-62-2024-ELSE-1,"SERVICIO DE LEVANTAMIENTO DE DEFICIENCIAS MT APURÍMAC; ABANCAY Y SECTORES; GERENCIA REGIÓN APURÍMAC, 2023-2024",1.0,Servicio,"SERVICIO DE LEVANTAMIENTO DE DEFICIENCIAS MT APURÍMAC; ABANCAY Y SECTORES; GERENCIA REGIÓN APURÍMAC, 2023-2024"
CP-SM-56-2024-ELSE-1,AGENCIAMIENTO DE PASAJES AÉREOS,1.0,Servicio,SERVICIO DE AGENCIAMIENTO DE PASAJES AEREOS NACIONALES
SIE-SIE-3-2024-ELSE-1,ADQUISICIÓN DE COMBUSTIBLE PARA VEHÍCULOS APURÍMAC - ABANCAY 2024 - 2025,20400.0,Galon,DIESEL B5 S-50
CP-SM-54-2024-ELSE-1,ACTUALIZACION DEL ESTUDIO DE COORDINACIÓN DE PROTECCIONES ELECTRICAS A NIVEL EMPRESARIAL,1.0,Servicio,SERVICIO DE PROTECCION DE DATOS Y SEGURIDAD INFORMATICA
AS-SM-51-2023-ELSE-2,"SERVICIO PARA ATENCION DE CLIENTES EN FERIAS, COLEGIOS Y VOLANTEO APURIMAC 2024",1.0,Servicio,"SERVICIO TECNICO COMERCIAL, REDUCCION Y CONTROL DE PERDIDAS DE ENERGIA EN BAJA TENSION"
LP-SM-1-2024-ELSE-1,"AMPLIACIÓN DE LA SUBESTACIÓN QUENCORO 138 KV, CELDA DE TRANSFORMACIÓN PLAN MAESTRO 138/34,5/10,5 KV DEL DISTRITO DE SAN JERÓNIMO, PROVINCIA DEL CUSCO, DEPARTAMENTO DEL CUSCO",1.0,Servicio,CONSTRUCCION DE REDES DE DISTRIBUCION ELECTRICA DE ALTA TENSION Y SUBESTACIONES DE POTENCIA
CP-SM-40-2024-ELSE-1,SERVICIO DE SUPERVISIÓN DE CONTRASTACIÓN DE MEDIDORES 2024-2025,1.0,Servicio,SERVICIO DE CONTRASTE DE MEDIDORES DE ENERGIA ELECTRICA
CP-SM-7-2024-ELSE-1,SERVICIO PARA EL MANTENIMIENTO DE INFRAESTRUCTURA ELÉCTRICA DE DISTRIBUCIÓN - LA CONVENCIÓN,1.0,Servicio,SERVICIO DE MANTENIMIENTO PREVENTIVO DE REDES DE DISTRIBUCION ELECTRICA AEREA DE BAJA TENSION
CP-SM-18-2024-ELSE-1,SERVICIO DE MANTENIMIENTO DE ACOMETIDAS DOMICILIARIAS CUSCO - PARURO,1.0,Servicio,SERVICIO DE MANTENIMIENTO PREVENTIVO DE REDES DE DISTRIBUCION ELECTRICA AEREA DE BAJA TENSION
CP-SM-18-2024-ELSE-1,SERVICIO DE MANTENIMIENTO DE ACOMETIDAS DOMICILIARIAS VALLE SAGRADO - QUISPICANCHI,1.0,Servicio,SERVICIO DE MANTENIMIENTO PREVENTIVO DE REDES DE DISTRIBUCION ELECTRICA AEREA DE BAJA TENSION
CP-SM-18-2024-ELSE-1,SERVICIO DE MANTENIMIENTO DE ACOMETIDAS DOMICILIARIAS  ANTA -PROVINCIAS ALTAS,1.0,Servicio,SERVICIO DE MANTENIMIENTO PREVENTIVO DE REDES DE DISTRIBUCION ELECTRICA AEREA DE BAJA TENSION
SIE-SIE-6-2024-ELSE-1,"ADQUISICIÓN DE COMBUSTIBLE PARA VEHÍCULOS APURÍMAC, ANDAHUAYLAS 2024 - 2025",10000.0,Galon,DIESEL B5 S-50
CP-SM-36-2024-ELSE-1,"GESTIÓN DE PÉRDIDAS CUSCO, MADRE DE DIOS Y APURÍMAC",1.0,Servicio,"SERVICIO TECNICO COMERCIAL, REDUCCION Y CONTROL DE PERDIDAS DE ENERGIA EN MEDIA Y BAJA TENSION"
CP-SM-5-2024-ELSE-1,SERVICIO DE MANTENIMIENTO DE CENTRALES HIDROELÉCTRICAS,1.0,Servicio,SERVICIO DE MANTENIMIENTO DE CENTRALES HIDRAULICAS
CP-SM-5-2024-ELSE-1,SERVICIO DE OPERACIÓN DE CENTRALES HIDROELÉCTRICAS,1.0,Servicio,SERVICIO DE MANTENIMIENTO DE CENTRALES HIDRAULICAS
CP-SM-6-2024-ELSE-1,SERVICIO PARA LA CONTRASTACIÓN DE MEDIDORES 2024 - 2026,1.0,Servicio,SERVICIO DE CONTRASTE DE MEDIDORES DE ENERGIA ELECTRICA
LP-SM-1-2024-ELSE-1,"AMPLIACIÓN DE LA SUBESTACIÓN QUENCORO 138 KV, CELDA DE TRANSFORMACIÓN PLAN MAESTRO 138/34,5/10,5 KV DEL DISTRITO DE SAN JERÓNIMO, PROVINCIA DEL CUSCO, DEPARTAMENTO DEL CUSCO",1.0,Servicio,CONSTRUCCION DE REDES DE DISTRIBUCION ELECTRICA DE ALTA TENSION Y SUBESTACIONES DE POTENCIA
AS-SM-37-2024-ELSE-1,SERVICIO DE SUPERVISIÓN DE SUMINISTROS MAYORES,1.0,Servicio,SERVICIO DE SUPERVISION DE PLATAFORMA PARA ATENCION AL CLIENTE
CP-SM-35-2024-ELSE-1,MANTENIMIENTO DE VEHICULOS DE CARGA LIGERA CUSCO,1.0,Servicio,SERVICIO DE MANTENIMIENTO CORRECTIVO DE SISTEMA DE SUSPENSION DE VEHICULO
SIE-SIE-8-2024-ELSE-1,ADQUISICION DE COMBUSTBLE PARA UNIDADES MÓVILES QUISPICANCHI,5200.0,Galon,DIESEL B5 S-50
